job_id,source,title,company,location,state,description,apply_url,source_url,posted_at,salary,score,reasons,first_seen_at,last_seen_at,notify_count
06b915e9940114bacc2558fc,jsearch,BI & Data Analytics Intern: Insightful Reporting,Petronas Ventures,"Kuala Lumpur, Federal Territory of Kuala Lumpur",Kuala Lumpur,"A leading energy company in Kuala Lumpur is seeking a motivated Business Intelligence Intern. This role is perfect for university students or recent graduates eager to learn about how data supports business decisions. Interns will gain experience in business and economic analysis, preparation of management reports, and communication with stakeholders. The ideal candidate will be pursuing a degree in relevant fields and possess strong analytical and communication skills. Familiarity with tools like Power BI is an advantage.",https://my.trabajo.org/job-2267-80d1487ec7a955e0ac4e5f7fa47fdc7a,https://www.google.com/search?q=jobs&gl=my&hl=en&udm=8#vhid=vt%3D20/docid%3DxR7nWvdwmjnaUv1mAAAAAA%3D%3D&vssid=jobs-detail-viewer,2026-06-02T00:00:00.000Z,,76,"internship/practical training role; role keyword: data analytics intern, business intelligence intern, analytics intern; analytics skill match: power bi, reporting, analytics, business intelligence; preferred state: Kuala Lumpur; preferred city match; Tier-1 target company; posted within 3 days; student/entry-level friendly; has apply link; penalty keywords: lead",2026-06-05T07:48:27+00:00,2026-06-05T14:21:03+00:00,0
82b9e7a3eaec97ebcb97ecea,jsearch,Data Analytics Intern – Assurance CoE,PwC South Africa,"Kuala Lumpur, Federal Territory of Kuala Lumpur",Kuala Lumpur,"PwC South Africa is offering an internship in their Assurance Data Centre of Excellence located in Kuala Lumpur. This role will focus on data handling, analytics, and supporting audit teams. As an intern, you will be involved in transforming datasets, applying data analytics techniques, and contributing to automation initiatives. The internship requires a Bachelor's degree and excellent communication skills. Candidates should demonstrate teamwork, curiosity, and the ability to accept feedback.",https://my.trabajo.org/job-2267-84e9f0b303bcc356578a01673af97318,https://www.google.com/search?q=jobs&gl=my&hl=en&udm=8#vhid=vt%3D20/docid%3D_-hpFM1LfhXwm5vMAAAAAA%3D%3D&vssid=jobs-detail-viewer,2026-05-30T00:00:00.000Z,,74,"internship/practical training role; role keyword: data analytics intern, analytics intern; analytics skill match: excel, analytics; preferred state: Kuala Lumpur; preferred city match; Tier-1 target company; posted within 14 days; student/entry-level friendly; has apply link",2026-06-05T07:48:27+00:00,2026-06-05T14:21:03+00:00,0
0e8a5b28c25bbf26f843f15a,jsearch,IT Business Analyst Intern,iTask Sdn. Bhd.,"Johor Bahru, Johor",Johor,"Start your professional journey as an IT Business Analyst Intern We are looking for an enthusiastic and tech-driven individual to join our IT team. In this role, you will gain hands-on experience in analyzing business processes, supporting system development, and assisting in the implementation of IT solutions. You will work closely with experienced professionals and participate in real-world projects across the full system development life cycle, building valuable skills for a future career in IT and business analysis. Highlights - Flexible working hours - Career advancement opportunities - Work-life balance environment - Facilities such as gym, swimming pool, and snooker room Key Responsibilities - Collaborate with stakeholders to gather and analyze business and system requirements - Assist in designing and implementing IT solutions that improve operational efficiency - Support the evaluation and enhancement of system functionality and performance - Participate in system testing, troubleshooting, and debugging activities - Provide basic support to end-users and help resolve technical issues - Stay informed about emerging technologies and suggest potential improvements - Work collaboratively with team members on various IT initiatives Requirements: - Currently pursuing a degree in Computer Science, Information Technology, or a related field - Basic knowledge of business process analysis or system design principles - Willingness to learn and adapt to new technologies - Strong communication and teamwork skills - Good problem-solving ability and attention to detail - Able to speak Mandarin for effective communication with multi-race clients Job Type: Internship Contract length: 3-6 months Pay: RM1,000.00 per month Benefits: - Opportunities for promotion Application Question(s): - When is your internship period? Language: - Mandarin (required) Work Location: In person",https://my.trabajo.org/job-3400-ba324007dc7a71a95a1aceb59d8f3d81,https://www.google.com/search?q=jobs&gl=my&hl=en&udm=8#vhid=vt%3D20/docid%3DzWtpRP5rGDsnQSoSAAAAAA%3D%3D&vssid=jobs-detail-viewer,2026-06-01T00:00:00.000Z,,71,internship/practical training role; role keyword: business analyst intern; duration likely matches 3-month internship; longer internship may still be acceptable; preferred state: Johor; preferred city match; company not in target list; posted within 14 days; student/entry-level friendly; has apply link,2026-06-05T13:00:41+00:00,2026-06-05T14:21:03+00:00,0
683bb6421c46150fbeaf4417,jsearch,Intern - Data Scientist (Analytics) - Mobility,Grab,"Petaling Jaya, Selangor",Selangor,"About Grab and Our Workplace

Grab is Southeast Asia's leading superapp. From getting your favourite meals delivered to helping you manage your finances and getting around town hassle-free, we've got your back with everything. In Grab, purpose gives us joy and habits build excellence, while harnessing the power of Technology and AI to deliver the mission of driving Southeast Asia forward by economically empowering everyone, with heart, hunger, honour, and humility.

You will apply a data-first approach to product and business thinking, unveil data-driven insights, design controlled experiments and be objective while evaluating results, all of this while working with stakeholders to evaluate new and innovative product and business ideas. You will contribute to helping Developers, Designers and Product Managers across the company with recommendations on how to learn from unexpected results, study underlying causes for them and iterate on the next set of products to build for our users.

This role is based on-site in our Petaling Jaya office.

The Critical Tasks You Will Perform
• You will collaborate with stakeholders to identify business requirements and outcomes.
• You will provide catered analysis for specific products and operations, define critical business metrics and track them rigorously, and provide regular recommendations to achieve continuous improvements
• You will define and align with stakeholders on key metrics, design and propose experimentation strategies.
• You will process and distill stakeholders requirements into concise insights through reports, presentations, and dashboards.
• You will develop data pipelines, customized data science models to solve identified problems.
• You will launch A/B tests, analyze experiment results and provide recommendations.

What Essential Skills You Will Need
• Only for candidates who are available to start in August 2026.
• Your studies as an Undergraduate in Computer Science, Data Science, Data Analytics Statistics, Mathematics, or similar majors.
• Foundation in SQL, Python, R or other scripting/programming languages to problem-solve.
• Data visualization and storytelling skills. Experienced in creating dashboards using PowerBI or Tableau will be a plus
• Strong statistical knowledge with hands-on experience running and analyzing controlled experiments.
• Keen eye for spotting patterns and trends in data, able to hypothesize problem statements and propose appropriate solutions

Life at Grab

We care about your well-being at Grab, here are some of the benefits we offer our Interns:
• Attractive Monthly Allowance!
• EPF (Employees Provident Fund) or SOCSO (Social Security Organization) where applicable.
• Balancing personal commitments and life's demands are made easier with our FlexWork arrangements such as differentiated hours

What We Stand For At Grab

We are committed to building an inclusive and equitable workplace that provides equal opportunity for Grabbers to grow and perform at their best. We consider all candidates fairly and equally regardless of nationality, ethnicity, race, religion, age, gender, family commitments, physical and mental impairments or disabilities, and other attributes that make them unique.",https://www.grab.careers/en/jobs/744000128891259/intern-data-scientist-analytics-mobility/,https://www.google.com/search?q=jobs&gl=my&hl=en&udm=8#vhid=vt%3D20/docid%3D1WhAq3iLfq7b2RXYAAAAAA%3D%3D&vssid=jobs-detail-viewer,2026-05-28T00:00:00.000Z,,67,"internship/practical training role; analytics skill match: excel, sql, tableau, python; mentions Aug-Nov 2026 window; preferred state: Selangor; preferred city match; Tier-1 target company; posted within 14 days; student/entry-level friendly; has apply link; penalty keywords: manager, lead",2026-06-05T07:48:27+00:00,2026-06-05T07:48:27+00:00,0
04e2727b5d3276b2c17c83ba,jsearch,Data Analytics & AI Intern,Maxis,"Kuala Lumpur, Federal Territory of Kuala Lumpur",Kuala Lumpur,"Are you ready to get ahead in your career?

• We want to empower you to turn your ambitions into achievements.
• We thrive in inclusiveness, diversity and embrace close collaborations for you to create impact for yourself and others.
• Together, we aim to bring the best of technology to help people, businesses and the nation to be ahead in a changing world.
• To realise our vision to become Malaysia’s leading converged solutions company, we are looking for a new talent to innovate and grow with us in a culture that values commitment, performance and possibilities.

Why does this job exist and why is it critical?

Join Maxis as a Data Analytics & AI Intern, where you will gain hands-on experience supporting data-driven initiatives, AI applications, and automation projects across the organisation. This role offers exposure to real-world analytics use cases, machine learning concepts, and process optimisation, contributing directly to innovation and operational efficiency in a fast-paced environment.

Key Responsibilities

• Data Analysis & Visualisation
• Support data preparation, cleaning, and analysis tasks.
• Assist in creating simple dashboards and visualisations to derive insights.
• Work with datasets to identify trends and support decision-making.
• AI & Machine Learning Support
• Assist in AI or machine learning–related activities such as data modelling and testing.
• Support experimentation and validation of models under guidance.
• Contribute to improving data-driven solutions using basic AI concepts.
• Programming & Automation
• Develop basic scripts or programs to support data processing.
• Participate in automation initiatives to streamline workflows and improve efficiency.
• Explore opportunities to implement simple automation solutions.
• Innovation & Problem Solving
• Collaborate with team members to brainstorm and propose innovative ideas.
• Contribute to solving business problems using data and technology.
• Support initiatives that enhance operational efficiency through analytics.
• Documentation & Reporting
• Document processes, findings, and project outcomes.
• Assist in preparing reports, presentations, and insights for stakeholders.
• Ensure clarity and accuracy in all documentation.

Value-Added Exposure

• Gain hands-on experience with real-world data analytics and AI projects.
• Work with modern tools, technologies, and datasets in an enterprise environment.
• Learn how data and automation drive business decisions and innovation.
• Receive mentorship and guidance from experienced professionals.

Preferred Skills / Qualifications

• Currently pursuing a Bachelor’s degree in Data Analytics, Data Science, Computer Science, Artificial Intelligence, Information Technology, Engineering or related fields
• Basic understanding of data analytics concepts. Introductory knowledge of AI or machine learning (academic exposure is acceptable).
• Familiarity with programming languages such as Python, R, SQL, Java, or similar.
• Strong analytical thinking and problem-solving skills.
• Proactive, eager to learn, and able to work independently and collaboratively.
• Good communication skills in English (spoken and written).

Why Join Us?

• Gain practical exposure to data analytics, AI, and automation in a leading organisation.
• Work on impactful projects that drive business value.
• Develop technical and analytical skills in a supportive environment.
• Build a strong foundation for a career in data, AI, or technology.

Internship Duration: 6 months, starting July 2026

What’s next?

• Once you’ve applied online, our team will carefully review your application. Due to a high volume of applications, we appreciate your patience to allow for a fair and timely review process.
• Should you be shortlisted for the role, we will send you an invitation via email for a digital interview. You can also check on your application status by logging into your candidate account.

Maxis values diverse voices & people. We hire and reward our employees based on capability & performance — regardless of ethnicity, gender, age, education, religion, nationality or physical ability.",https://my.linkedin.com/jobs/view/data-analytics-ai-intern-at-maxis-4398387197,https://www.google.com/search?q=jobs&gl=my&hl=en&udm=8#vhid=vt%3D20/docid%3DD56zJKqZY_ZfbP7pAAAAAA%3D%3D&vssid=jobs-detail-viewer,2026-05-19T00:00:00.000Z,,65,"internship/practical training role; analytics skill match: sql, python, dashboard, reporting; longer internship may still be acceptable; preferred state: Kuala Lumpur; preferred city match; Tier-1 target company; posted within 45 days; student/entry-level friendly; has apply link; penalty keywords: lead",2026-06-05T07:48:27+00:00,2026-06-05T14:21:03+00:00,0
e25591f2c50def125758d7ba,jsearch,Power BI Analytics Intern – Data Insights,MOL Accessportal Sdn Bhd,"Kuala Lumpur, Federal Territory of Kuala Lumpur",Kuala Lumpur,"MOL Accessportal Sdn Bhd in Kuala Lumpur is looking for a Data Analyst Intern to support the team in designing Power BI dashboards and analyzing business data. The role requires close collaboration with business stakeholders to translate requirements into insights, automating reporting processes, and optimizing SQL queries. The ideal candidate will be pursuing a degree in Computer Science or related fields and possess basic SQL and Python skills. This position encourages learning and innovation in data analytics.",https://my.trabajo.org/job-2267-82fb57a57f6cb2f93db93581970f8d8a,https://www.google.com/search?q=jobs&gl=my&hl=en&udm=8#vhid=vt%3D20/docid%3DO9y7Ew_CnxLiiwcDAAAAAA%3D%3D&vssid=jobs-detail-viewer,2026-05-29T00:00:00.000Z,,63,"internship/practical training role; role keyword: data analyst intern, analytics intern; analytics skill match: sql, power bi, python, dashboard; preferred state: Kuala Lumpur; preferred city match; company not in target list; posted within 14 days; student/entry-level friendly; has apply link",2026-06-05T13:00:41+00:00,2026-06-05T14:21:03+00:00,0
5d1c26f8d9a19d95cd6e1f91,jsearch,AI Analytics Intern: Power BI & Data Insights,Petronas Ventures,"Kuala Lumpur, Federal Territory of Kuala Lumpur",Kuala Lumpur,"A leading energy and technology firm in Malaysia is offering an Internship in Financial & Enabler Analytics. The candidate will assist in data collection, analysis, and report creation using Power BI. Responsibilities include collaborating with teams on AI projects and conducting data validation. Ideal candidates are currently pursuing a degree in relevant fields such as Data Science or Business Analytics, possess solid data analysis understanding, and have proficiency in Power BI.
#J-18808-Ljbffr",https://my.jooble.org/jdp/5362194838846439249,https://www.google.com/search?q=jobs&gl=my&hl=en&udm=8#vhid=vt%3D20/docid%3Dg5CpYIBvE1-dLwU3AAAAAA%3D%3D&vssid=jobs-detail-viewer,2026-05-29T00:00:00.000Z,,63,"internship/practical training role; role keyword: analytics intern; analytics skill match: power bi, analytics; preferred state: Kuala Lumpur; preferred city match; Tier-1 target company; posted within 14 days; student/entry-level friendly; has apply link; penalty keywords: lead",2026-06-05T07:48:27+00:00,2026-06-05T14:21:03+00:00,0
292651aea0245d8ae5ca286a,jsearch,Credit Risk Data Analytics Intern,NTT DATA Payment Services,Selangor,Selangor,"NTT DATA Payment Services in Selangor, Malaysia, is looking for a candidate to analyze and prepare credit data, reports, and presentations. This role supports data extraction and dashboard creation while enhancing Excel models. Candidates pursuing a degree in Finance, Economics, or related fields are encouraged to apply.

The ideal candidate will have strong analytical skills and proficiency in Excel and PowerPoint, with an interest in data analytics and credit risk processes. We are an Equal Opportunity Employer, welcoming applicants from all backgrounds.",https://www.jobleads.com/my/job/credit-risk-data-analytics-intern--selangor--edb2c587fe30d6f59ef53f4d9876794dd,https://www.google.com/search?q=jobs&gl=my&hl=en&udm=8#vhid=vt%3D20/docid%3Dh6xH-vfI_hkG6iZwAAAAAA%3D%3D&vssid=jobs-detail-viewer,2026-05-27T00:00:00.000Z,,62,"internship/practical training role; role keyword: data analytics intern, analytics intern; analytics skill match: excel, dashboard, analytics; preferred state: Selangor; company not in target list; posted within 14 days; student/entry-level friendly; has apply link",2026-06-05T07:48:27+00:00,2026-06-05T14:21:03+00:00,0
96a0e125366a7657300055c5,jsearch,Data Analytics Intern,Undisclosed,"Kuala Selangor, Selangor",Selangor,"A Malaysia Digital IT solution company is offering an internship focused on data analysis and report organization. The internship operates in a hybrid model, combining physical and remote work. Candidates should be pursuing a relevant bachelor's degree and possess skills in SQL and Excel. Responsibilities include data gathering, analysis for decision-making, and identifying improvement opportunities. Monthly allowance is RM 600, providing valuable experience in a growing sector.",https://my.trabajo.org/job-2267-f47f8358e3f54ba3222608ba4d136962,https://www.google.com/search?q=jobs&gl=my&hl=en&udm=8#vhid=vt%3D20/docid%3DjVdHQtAGXJdRNrh1AAAAAA%3D%3D&vssid=jobs-detail-viewer,2026-05-30T00:00:00.000Z,,60,"internship/practical training role; role keyword: data analytics intern, analytics intern; analytics skill match: excel, sql, analytics; preferred state: Selangor; company not in target list; posted within 14 days; student/entry-level friendly; has apply link",2026-06-05T07:48:27+00:00,2026-06-05T14:21:03+00:00,0
78a2f29257b1590893331728,jsearch,Service Operations & Data Analytics Intern,Abbott Laboratories,"Petaling Jaya, Selangor",Selangor,"Core job responsibilities:

• This position within the Abbott Diagnostics Remote Services and Support team provides internship-level support to ensure accurate and timely assistance to customers across supported markets. The Remote Support Intern will work under close supervision and guidance, gaining hands-on exposure to remote support operations, customer engagement, and case management processes.
• Support the remote support team during customer interactions (phone, chat, and email) through shadowing and assisted handling.
• Assist with collecting customer information, documenting cases accurately, and updating records in the appropriate systems.
• Learn to identify and assess basic hardware, software, and reagent-related issues, escalating as required.
• Support follow-up activities on open cases and assist with coordination across off-hours teams and local country teams.
• Assist with instrument monitoring via dashboard visualization platforms and escalate observations under guidance.
• Participate in proactive analysis and improvement initiatives as part of learning and development.
• Adhere to established procedures, quality systems, and compliance requirements at all times.

Core Job Responsibilities
• Support implementation and maintenance of quality system requirements as instructed.
• Assist senior team members in customer phone support activities and instrument monitoring (training and guidance provided).
• Collaborate with cross-functional teams during learning activities and assigned tasks.
• Uphold professionalism and customer-focused behaviors during all interactions.

Key Performance Metrics
• Accuracy and completeness of case documentation
• Responsiveness and professionalism in customer interactions
• Adherence to procedures, training completion, and learning progress

Education and experience: (indicate minimum and why it is required):
• Undergraduate students or recent graduates pursuing or having completed studies in Biomedical Engineering, Clinical Laboratory Science, Biology, Biochemistry, Life Sciences or related disciplines.
• The ideal candidate demonstrates strong communication skills, a willingness to learn, and the ability to work collaboratively in a team-oriented environment.
• Proficiency in English is required as training, documentation, and ticketing systems are conducted in English.",https://www.jobs.abbott/us/en/job/31147525/Service-Operations-Data-Analytics-Intern,https://www.google.com/search?q=jobs&gl=my&hl=en&udm=8#vhid=vt%3D20/docid%3D2pqGcfITnFpLrxVBAAAAAA%3D%3D&vssid=jobs-detail-viewer,2026-05-31T00:00:00.000Z,,58,"internship/practical training role; role keyword: data analytics intern, analytics intern; analytics skill match: dashboard, analytics; preferred state: Selangor; preferred city match; company not in target list; posted within 14 days; student/entry-level friendly; has apply link; penalty keywords: senior",2026-06-05T07:48:27+00:00,2026-06-05T14:21:03+00:00,0
2edb74bbf862c6284563032b,jsearch,"Data Analyst Intern - Customer Service, Regional Operations (Summer 2026)",Shopee,Malaysia,,"Job Description:

• Conduct data-driven analysis to optimise operational efficiency and costâ€performance trade-offs, including resolution-time optimisation and service quality outcomes
• Translate performance data into actionable insights, identifying key cost, demand, and experience drivers
• Support AI-enabled decision-making and ad-hoc problem solving to improve performance at scale

Requirements:

• Currently pursuing a degree in any relevant disciplines
• Strong analytical skill and sensitivity to data
• Strong oral and written communication skill
• Results and details driven
• Well organised with good multi tasking ability
• Positive, team-player, and energetic attitude
• Strong proficiency in Excel is a must, SQL is a plus",https://www.foundit.my/job/data-analyst-intern-customer-service-regional-operations-summer-2026-shopee-malaysia-43900743,https://www.google.com/search?q=jobs&gl=my&hl=en&udm=8#vhid=vt%3D20/docid%3DbPVgU1Kq_MlcAId0AAAAAA%3D%3D&vssid=jobs-detail-viewer,,,57,"internship/practical training role; role keyword: data analyst intern; analytics skill match: excel, sql; Malaysia-wide role; Tier-1 target company; posting date unknown; student/entry-level friendly; has apply link",2026-06-05T07:48:27+00:00,2026-06-05T07:48:27+00:00,0
81859fce6822f3f4ffd04b69,jsearch,Internship Data Analyst,Invenio Potential,"Johor Bahru, Johor",Johor,"Job Overview: As a Data Analyst, you will play a pivotal role in transforming raw data into actionable insights that drive informed business decisions. You will be responsible for collecting, cleaning, analyzing, and visualizing data to identify trends, patterns, and opportunities, contributing to the organization's growth and success. Key Responsibilities: 1.Data Collection and Preparation: - Gather data from various sources, ensuring data integrity and accuracy. - Clean and preprocess data to remove inconsistencies, outliers, and missing values. 2.Data Analysis and Interpretation: - Identify trends, correlations, and anomalies within datasets. - Conduct exploratory data analysis to discover patterns and inform decision-making. 3.Data Visualization: - Create visually compelling dashboards, charts, and graphs to communicate insights effectively. - Present data-driven findings to stakeholders in a clear and understandable manner. 4.Reporting and Documentation: - Generate reports that synthesize complex data into actionable recommendations. - Document methodologies, assumptions, and results for transparency and future reference. 5.Predictive Analytics: - Develop and implement predictive models to forecast trends and outcomes. - Utilize machine learning techniques for predictive and prescriptive analytics. Internship Duration: 5 to 6 months Allowance Provided: RM 700 monthly (Performance Bonus RM300 if perform very well) Accommodation: Only provided for female and will deduct from your allowance Location: Tampoi Utama, JB Job Types: Full-time, Internship, Apprenticeship Contract length: 5 months Salary: RM700.00 - RM1,000.00 per month Schedule: - Monday to Friday",https://my.trabajo.org/job-3400-16c825312677f004fec47dbe54104f5e,https://www.google.com/search?q=jobs&gl=my&hl=en&udm=8#vhid=vt%3D20/docid%3DxQjfAdykIrnzX0OTAAAAAA%3D%3D&vssid=jobs-detail-viewer,2026-06-02T00:00:00.000Z,,55,"internship/practical training role; analytics skill match: dashboard, reporting, analytics, data visualization; longer internship may still be acceptable; preferred state: Johor; preferred city match; company not in target list; posted within 3 days; has apply link; penalty keywords: full-time",2026-06-05T13:00:41+00:00,2026-06-05T14:21:03+00:00,0
a29d863c51535cc2ef2c167f,jsearch,Junior Data Analyst Internship,"Mettler-Toledo, Inc.","Petaling Jaya, Selangor",Selangor,"Our Opening and Your Responsibilities
We are seeking an analytical, detail-oriented student or recent graduate to join our Data Governance Team as a Junior Data Analyst Intern. This position offers direct exposure to corporate data management strategies, automated data quality frameworks, and stakeholder reporting within a global IT environment.

• Data Quality: Help build and maintain automated data checks using SQL and KNIME to keep our data accurate and reliable.
• Dashboards: Support the creation and updating of data quality dashboards for our internal teams.
• Requirements: Work with product teams and senior stakeholders to turn business needs into clear technical tasks (user stories).
• Reporting: Help prepare monthly reports and presentations on data trends and insights for leadership.
• Documentation: Monitor reporting consistency and write clear guides, manuals, and technical documentation.

What You Need to Succeed
• Currently pursuing or recently completed a Diploma or Degree in Information Technology, Computer Science, Data Science, or a related quantitative discipline.
• Familiarity with data manipulation tools such as Excel, SQL, or KNIME is highly advantageous.
• A strong willingness to learn and apply industry best practices regarding data quality, data ownership, and data definitions.
• Exceptional organizational skills with a structured approach to task management and follow-ups.
• Strong written and verbal English communication skills, with an ability to document technical processes clearly.
• High level of precision and diligence when executing routine or repetitive analytical tasks.

Our Offer to You
• Practical application of data governance principles within a multinational corporate structure.
• Direct mentorship from senior data professionals and exposure to enterprise-level data tools (SQL, KNIME).
• Experience in translating complex business requirements into technical developments.

About Mettler Toledo
METTLER TOLEDO is a global leader in precision instruments and services. We are renowned for innovation and quality across laboratory, process analytics, industrial, product inspection, and retailing applications. Our sales and service network is one of the most extensive in the industry. Our products are sold in more than 140 countries, and we have a direct presence in approximately 40 countries. For more information, please visit www.mt.com.
Equal Opportunity Employment
We promote equal opportunity worldwide and value diversity in our teams in terms of business background, area of expertise, gender and ethnicity. For more information on our commitment to Sustainability, Diversity and Equal Opportunity please visit us here.",https://jobs.mt.com/en/job/petaling-jaya/junior-data-analyst-internship/36870/95932927328,https://www.google.com/search?q=jobs&gl=my&hl=en&udm=8#vhid=vt%3D20/docid%3Drgodmp510JiSWravAAAAAA%3D%3D&vssid=jobs-detail-viewer,2026-06-02T00:00:00.000Z,,54,"internship/practical training role; role keyword: data analyst intern; analytics skill match: excel, sql, dashboard, reporting; preferred state: Selangor; preferred city match; company not in target list; posted within 3 days; student/entry-level friendly; has apply link; penalty keywords: senior, lead",2026-06-05T07:48:27+00:00,2026-06-05T14:21:03+00:00,0
f40ce90437667419bafb21cb,jsearch,Social Media Data Analyst Intern — Insights & Analytics,Enzee Integrated Sdn Bhd,Selangor,Selangor,"A dynamic data analytics firm is offering an internship for a Social Media Data Analyst in Malaysia, Selangor. The intern will assist in data mining, market research, and reporting to derive insights from business and marketing data. Key qualifications include a pursuit of a Bachelor’s degree, proficiency in data analysis tools, and strong communication skills. Benefits include annual leave and other allowances, making this an opportunity for enthusiastic learners in a fast-paced environment.
#J-18808-Ljbffr",https://en-my.whatjobs.com/jobs/social-media-data-analyst-intern/selangor?id=26372245,https://www.google.com/search?q=jobs&gl=my&hl=en&udm=8#vhid=vt%3D20/docid%3DDi_xmRzNpEu1gN-FAAAAAA%3D%3D&vssid=jobs-detail-viewer,2026-05-31T00:00:00.000Z,,54,"internship/practical training role; role keyword: data analyst intern; analytics skill match: reporting, analytics; preferred state: Selangor; company not in target list; posted within 14 days; student/entry-level friendly; has apply link",2026-06-05T07:48:27+00:00,2026-06-05T14:21:03+00:00,0
ffe3a397e6528a25fc76ebee,jsearch,"Internship, Data and AI",Allianz Insurance,"Kuala Lumpur, Federal Territory of Kuala Lumpur",Kuala Lumpur,"Job Summary
Are you passionate about data and AI and making an impact in the insurance industry? We’re looking for a motivated intern to join our team. You will be exposed to the development and testing of automation initiatives to improve business processes.

Key Responsibilities
• Collaborate with cross-functional teams to understand process challenges and identify automation opportunities.

• Assist in developing and enhancing automation solutions, such as RPA and web scraping.

• Support User Acceptance Testing (“UAT”) and Quality Assurance (“QA”) processes for AI and automation projects.

• Document workflows, results and provide insights for improvement.

• Research emerging AI and automation technologies and propose innovative ideas.

Key Requirements
• Currently pursuing a degree in Computer Science, Data Science, Software Engineering, or other related fields of study.

• Proficiency in programming languages such as Python; familiarity with automation tools such as Power Automate is a plus.

• Strong interest in AI, automation, and process improvement.

• Problem-solving mindset, strong self-learning ability, and attention to detail.

• At least a 3-month internship period.

• Willing to work on-site at Menara Allianz Sentral, KL Sentral

Disclaimer: Thank you for your interest in joining our team. Due to the high volume of applications we receive, we are unable to provide individual feedback to every applicant. If you do not hear from us within 14 days of submitting your application, please assume that you have not been selected for this position.

Important: All updates regarding your application status will be communicated via email. Please ensure you frequently check your email for updates and further instructions.
Allianz Group is one of the most trusted insurance and asset management companies in the world. Caring for our employees, their ambitions, dreams and challenges, is what makes us a unique employer. Together we can build an environment where everyone feels empowered and has the confidence to explore, to grow and to shape a better future for our customers and the world around us.
At Allianz, we stand for unity: we believe that a united world is a more prosperous world, and we are dedicated to consistently advocating for equal opportunities for all. And the foundation for this is our inclusive workplace, where people and performance both matter, and nurtures a culture grounded in integrity, fairness, inclusion and trust.
We therefore welcome applications regardless of ethnicity or cultural background, age, gender, nationality, religion, social class, disability or sexual orientation, or any other characteristics protected under applicable local laws and regulations.
Join us. Let's care for tomorrow.",https://careers.allianz.com/global/en/job/88839/Internship-Data-and-AI,https://www.google.com/search?q=jobs&gl=my&hl=en&udm=8#vhid=vt%3D20/docid%3Df3wuASOotsZroxXTAAAAAA%3D%3D&vssid=jobs-detail-viewer,2026-05-30T00:00:00.000Z,,53,internship/practical training role; analytics skill match: python; preferred state: Kuala Lumpur; preferred city match; company not in target list; posted within 14 days; student/entry-level friendly; has apply link,2026-06-05T07:48:27+00:00,2026-06-05T14:21:03+00:00,0
7a0ece0df4ec6a276a62581a,jsearch,Data Analyst Intern,Boostorder,"Kuala Lumpur, Federal Territory of Kuala Lumpur",Kuala Lumpur,"Fueled by a passion for digital transformation? Desire for a space where challenges & success thrive in the realm of speed & innovation? Feel like you can achieve more but is handicapped by the current environment?

IF SO, we would like to talk to YOU.

As a Data Analyst Intern, you will create an interactive data visualization dashboard (descriptive & prescriptive) to help transform customers' decision-making process into a more data-driven approach. You will also be taking part in the development of AI/ML models and have them embedded as part of Boostorder suites of solution

Responsibilities
• To be well-versed in Boostorder's data environment

• Utilize BI tools effectively to translate and deploy Boostorder's Standard Business Intelligence (BI)

• Deliver description, prescriptive, and predictive insights to Boostorder's ecosystem

• Pilot with customer data to create AI/ML model to enable prescriptive analytics and quantify customer success via these models

• Lead and develop prescriptive data models and productize them as standard Boostorder's offering

Remuneration & Perks:
Work Environment/ Culture
• Open spaces and open-mindedness

• Dynamic, young and vibrant

• Lean operation – no red tape, swift decision-making

• Flexibility in career progression – freely move between different positions based on personal performance and passion

• High conversion rate from intern to full-time employee

• Casual workwear

• Free-flow snacks in pantry

Must-have:
• Bachelor's Degree in Computer Science, Data Science, Information Technology

• Experience in data visualization dashboard development and maintenance

• Design and maintain database of at least 1 million rows in data set

• Experience in SQL databases

• Experience in visualization tools

• Building API connectors and performing ETL

Great to have:
• Master and PhD in Computer Science, Data Science, Information Technology

• Experience in Looker Studio, Tableau, PowerBI

• Practical experience in statistical analysis (Excel, SPSS, and SAS)

• Experience with AI / ML models either through supervised, unsupervised, reinforced or deep learning",https://levelup.boostorder.com/o/data-analyst-intern,https://www.google.com/search?q=jobs&gl=my&hl=en&udm=8#vhid=vt%3D20/docid%3DF-1oLnqsLk3-ErZWAAAAAA%3D%3D&vssid=jobs-detail-viewer,,,53,"internship/practical training role; role keyword: data analyst intern; analytics skill match: excel, sql, tableau, dashboard; preferred state: Kuala Lumpur; preferred city match; Tier-2 established company; posting date unknown; student/entry-level friendly; has apply link; penalty keywords: lead, full-time",2026-06-05T07:48:27+00:00,2026-06-05T14:21:03+00:00,0
e62d8218a879a8fbe1a51b69,jsearch,Media Data Analyst Intern: Campaign Insights,Vintedge,"Kuala Lumpur, Federal Territory of Kuala Lumpur",Kuala Lumpur,"Vintedge in Kuala Lumpur is seeking a dynamic intern to monitor and analyse media performance, prepare reports, and assist with ad campaigns. This role is ideal for someone eager to dive into analytics and media. Join us if you're detail-oriented, a proactive team player, and comfortable with data tools like Excel. This full-time internship will last between 4 to 6 months, providing valuable hands-on experience in the media sector.",https://my.trabajo.org/job-2267-2d8f9c46dd6ac84f16752c3c985c1f2f,https://www.google.com/search?q=jobs&gl=my&hl=en&udm=8#vhid=vt%3D20/docid%3Da4ugerHjGi7BCVR4AAAAAA%3D%3D&vssid=jobs-detail-viewer,2026-06-01T00:00:00.000Z,,52,"internship/practical training role; role keyword: data analyst intern; analytics skill match: excel, analytics; longer internship may still be acceptable; preferred state: Kuala Lumpur; preferred city match; company not in target list; posted within 14 days; has apply link; penalty keywords: full-time",2026-06-05T07:48:27+00:00,2026-06-05T14:21:03+00:00,0
e755d99b5ce173159ddb85a9,jsearch,Data Analysis Internship,Nong Geng Ji,Selangor,Selangor,"Data Analysis Internship (Food and Beverage) We’re looking for a curious and tech-savvy Data Analysis Intern to join our growing F&B team If you enjoy using AI tools, analyzing data, building reports, and finding smarter ways to work — this internship is for you. This role heavily uses AI tools in daily work, from reporting and data analysis to automation and operational support. You’ll gain real exposure to how AI is transforming business operations in the F&B industry. What You’ll Be Doing - Analyze sales, manpower, and outlet performance data - Build reports, dashboards, and business insights for management - Use AI tools to speed up reporting and automate workflows - Identify trends, problems, and improvement opportunities - Support digitalization and automation projects - Work closely with HR, Operations, Finance & Marketing teams - Turn messy data into useful business decisions What We’re Looking For - Diploma/Degree student in Data Analytics, IT, Computer Science, Business Analytics, or related fields - Interested in AI tools, automation & business technology - Comfortable using ChatGPT or other AI tools in daily tasks - Familiar with Excel / Google Sheets - Knowledge in Power BI, SQL, Python, or automation tools is a bonus - Curious mindset, willing to learn & explore new ideas - Able to adapt in a fast-moving environment Why Join Us? - Real AI-powered working environment - Exposure to fast-growing F&B operations - Learn practical business analytics skills - Young, energetic & supportive team culture - Opportunity to contribute real ideas & improvements - Gain experience beyond classroom learning",https://my.trabajo.org/job-2267-d60b1bb9173fb0078d71f95a640b6643,https://www.google.com/search?q=jobs&gl=my&hl=en&udm=8#vhid=vt%3D20/docid%3DIV2FgcDoZbVQLPIOAAAAAA%3D%3D&vssid=jobs-detail-viewer,2026-05-31T00:00:00.000Z,,52,"internship/practical training role; analytics skill match: excel, sql, power bi, python; preferred state: Selangor; company not in target list; posted within 14 days; student/entry-level friendly; has apply link",2026-06-05T07:48:27+00:00,2026-06-05T14:21:03+00:00,0
6625781dec1ce525aa3064b8,jsearch,Sales Ops & Data Insights Intern,Colgate-Palmolive,"Shah Alam, Selangor",Selangor,"Colgate-Palmolive is seeking an organized Intern for their Customer Development team in Shah Alam, Selangor, Malaysia. This role focuses on data digitalization and assisting in category management to enhance product strategies. Candidates should be currently pursuing a degree in Business, Marketing, or a related field, and must be proficient in English with good organizational skills. This internship promises a chance to gain insights into business operations and contribute to essential administrative tasks.
#J-18808-Ljbffr",https://my.expertini.com/job/sales-ops-data-insights-intern-shah-alam-colgate-palmolive-386-4182749/,https://www.google.com/search?q=jobs&gl=my&hl=en&udm=8#vhid=vt%3D20/docid%3DtjvaVEeIrqMGy1dmAAAAAA%3D%3D&vssid=jobs-detail-viewer,2026-06-02T00:00:00.000Z,,52,internship/practical training role; preferred state: Selangor; preferred city match; company not in target list; posted within 3 days; student/entry-level friendly; has apply link,2026-06-05T07:48:27+00:00,2026-06-05T14:21:03+00:00,0
670706b5f5efdc6d682462b4,jsearch,Internship Data Analyst,enzee,"Petaling Jaya, Selangor",Selangor,"The Data Analyst Intern will support the organization and their supervisor in making data-driven decisions by assisting in the mining and analysis of social listening and marketing data. This role offers a hands-on opportunity to learn about media trends, consumer behaviour, and data analytics in a fast-paced environment. The ideal candidate will have a keen interest in data and strong attention to detail.
Key Responsibilities

-Data Mining and Analysis: Assist in collecting, cleaning, and ...",https://my.hiredly.com/jobs/jobs-malaysia-enzee-job-internship-data-analyst-2,https://www.google.com/search?q=jobs&gl=my&hl=en&udm=8#vhid=vt%3D20/docid%3D6eKCBjw32gVhu9riAAAAAA%3D%3D&vssid=jobs-detail-viewer,2026-05-24T00:00:00.000Z,,50,internship/practical training role; role keyword: data analyst intern; analytics skill match: analytics; preferred state: Selangor; preferred city match; company not in target list; posted within 14 days; has apply link,2026-06-05T07:48:27+00:00,2026-06-05T14:21:03+00:00,0
10e3e9cce7549d25dcf93677,jsearch,Analytics Intern — Power BI & SQL Wizard (Masters),WPP Media,Federal Territory of Kuala Lumpur,Kuala Lumpur,"A global media collective is seeking a Masters-level Analytics Intern for the Analytics Delivery Team in Kuala Lumpur. This full-time, hybrid position involves building Power BI dashboards, writing SQL queries, and automating workflows with Python. The ideal candidate will have strong analytical skills and a solid understanding of analytics concepts. You will gain real-world experience and mentorship from experienced analytics professionals, contributing to impactful dashboards and business insights.
#J-18808-Ljbffr",https://kualalumpur.my.expertini.com/job/analytics-intern-power-bi-sql-wizard-masters-kuala-lumpur-wpp-media-02f6ea6177116c575c88261ad9ade3d7/,https://www.google.com/search?q=jobs&gl=my&hl=en&udm=8#vhid=vt%3D20/docid%3DkkrkfgwTPOpg_zuwAAAAAA%3D%3D&vssid=jobs-detail-viewer,2026-06-01T00:00:00.000Z,,49,"internship/practical training role; role keyword: analytics intern; analytics skill match: sql, power bi, python, dashboard; preferred state: Kuala Lumpur; preferred city match; company not in target list; posted within 14 days; has apply link; penalty keywords: full-time",2026-06-05T07:48:27+00:00,2026-06-05T14:21:03+00:00,0
4920a2586746614ae2fff19a,jsearch,"Specialist, Intern - Data Analyst",TNG Digital,"Kuala Lumpur, Federal Territory of Kuala Lumpur",Kuala Lumpur,"Learn to Drive Business Impact through Data: Support the team to extract insights from large datasets using SQL. Help translate findings into actionable recommendations for marketing, product, and business teams.
Champion a Data-Driven Mindset: Work alongside analysts and business stakeholders to solve problems, validate ideas, and embed data-based thinking in decision-making.
Build Dashboards & Reports: Assist in creating and maintaining dashboards and visual reports that track key performance metrics.
Ensure Data Quality & Consistency: Participate in data validation and troubleshooting to maintain accuracy and reliability of our reports.
Grow Analytical Capabilities: Learn our internal tools and frameworks and contribute ideas for process improvements.
Collaborate & Learn: Work closely with experienced analysts and engineers, gaining exposure to end-to-end data processes — from data collection to insight generation.",https://www.touchngo.com.my/ewallet/people-and-culture/job/760,https://www.google.com/search?q=jobs&gl=my&hl=en&udm=8#vhid=vt%3D20/docid%3DrU2_sSzW30iLg9lbAAAAAA%3D%3D&vssid=jobs-detail-viewer,2026-06-01T00:00:00.000Z,,48,"internship/practical training role; analytics skill match: sql, dashboard; preferred state: Kuala Lumpur; preferred city match; company not in target list; posted within 14 days; has apply link",2026-06-05T07:48:27+00:00,2026-06-05T07:48:27+00:00,0
7877fd340af2ebcf8f6463a5,jsearch,"Intern, AI, Automation & Data Analytics",Enfrasys,"Petaling Jaya, Selangor",Selangor,"People Group/Office Administration Transformation

Type: Internship (3–6 months, flexible)

Application Deadline: 15 May 2026
Why This Internship Is Different

Most internships give you coffee runs and filing.

This one gives you the keys to automate, analyze, and visualize how People Group and Office Administration really works.

You won’t just “observe” – you will:
• Identify repetitive, manual processes and automate them with AI/RPA
• Build interactive dashboards (Power BI, Tableau, or similar) that turn raw People data into strategic insights for Management
• Design and deploy AI‑powered solutions (chatbots, document intelligence, sentiment analysis)
• Present your dashboards weekly to Head of People Group – your work directly influences decisions on headcount, retention, and cost efficiency

Your work will bring positive impact to AI Adoption. You will leave with a portfolio of automation wins and analytics assets – not just a line on your CV.
What You’ll Do

Build Power BI dashboards on attrition trends, time‑to‑hire, overtime costs, training ROI – delivered monthly for HOD/BOD meetings.

End-to-end Employee lifecycle automation

Self‑Onboarding, Onboarding bots, leave approval workflows, Staff Performance Management, Training and Administration.

Admin process mining

Identify bottlenecks in purchase requests, travel claims, document signatures. Auto‑generate headcount, diversity, and absenteeism reports from HRIS → Power BI.

You will work with modern tools: Power BI , Power Automate, Jira, Co‑Pilot and more.

You will own the data pipeline – from raw HRIS/Excel to a polished, interactive dashboard that leaders actually use.
What You’ll Gain
• Hands‑on Power BI / analytics experience in a real corporate environment – with dashboards that go to the Board
• AI & automation skills – from concept to deployment
• Mentorship from senior People Group, IT, and finance leaders – not just one supervisor
• Measurable impact – e.g., “Reduced payroll validation time by 70%” AND “Built attrition dashboard that reduced turnover by 5%”
• Potential for full‑time offer based on performance
You are:
• Currently enrolled or a recent graduate in Computer Science, Information Systems, Business Analytics, Data Science, Engineering, or related fields
• Obsessed with turning messy data into clear, actionable visuals (Power BI is a major plus)
• Excited by automation – you see a manual spreadsheet and think “I can automate this”
• Comfortable with at least one of: Power BI , Python, SQL, Power Automate, UiPath, or willingness to learn fast
• Curious about HR & Admin processes (no prior HR knowledge needed – we’ll teach you)
• Proactive, self‑starting, and not afraid to challenge “the way we’ve always done it”
Bonus points if you have:
• Built a dashboard that a manager actually used to make a decision
• Connected Power BI to multiple data sources (Excel, SQL, HRIS)
• Built a chatbot or RPA bot
How to Apply

Send us:
• Your CV
• A one‑page portfolio (even rough) – include either:
• A screenshot of a dashboard you’ve built (Power BI, Tableau, Excel, Google Data Studio)
• OR a short description of an automation you designed
• A one‑paragraph challenge response: “Describe one manual HR or Admin process. How would you automate it AND what KPI dashboard would you build to track PCCS success?”

#J-18808-Ljbffr",https://my.expertini.com/job/intern-ai-automation-data-analytics-petaling-jaya-enfrasys-386-4242242/,https://www.google.com/search?q=jobs&gl=my&hl=en&udm=8#vhid=vt%3D20/docid%3DHip1GSdg_e6LjkhPAAAAAA%3D%3D&vssid=jobs-detail-viewer,2026-05-31T00:00:00.000Z,,48,"internship/practical training role; analytics skill match: excel, sql, power bi, tableau; duration likely matches 3-month internship; longer internship may still be acceptable; preferred state: Selangor; preferred city match; company not in target list; posted within 14 days; has apply link; penalty keywords: senior, manager, lead, head of",2026-06-05T07:48:27+00:00,2026-06-05T14:21:03+00:00,0
d8e325daff3718675ac1508b,jsearch,Data Administrator Intern in Johor Bahru,Cosmoquick,"Johor Bahru, Johor",Johor,Hire Data Administrator interns in Johor Bahru. 2-7 years in the function with hands-on execution and cross-functional collaboration,https://cosmoquick.com/hire-interns-in/johor-bahru/hire-intern-data-administrator,https://www.google.com/search?q=jobs&gl=my&hl=en&udm=8#vhid=vt%3D20/docid%3DVE-P9pyZer5Bk65GAAAAAA%3D%3D&vssid=jobs-detail-viewer,2026-05-24T00:00:00.000Z,,44,internship/practical training role; preferred state: Johor; preferred city match; company not in target list; posted within 14 days; has apply link,2026-06-05T13:00:41+00:00,2026-06-05T14:21:03+00:00,0
d80326c80f2414efccc91082,jsearch,Data Analyst - Identity Access Management (Internship),AXA,"Puchong, Selangor",Selangor,"About the job
Job purpose
Are you passionate about technology and looking to kickstart your career in a world-leading insurance company? AXA Group Operations is offering an exciting opportunity for young, dynamic individuals to join our Identity Global Products’ teams (IGP).

As an intern, you will support the management of master data related to identity products and asset inventories, including establishing and maintaining accurate sources of truth through systems like CMDB (Configuration Management Database) and IT Asset Management (ITAM).

Additionally, you will assist in creating and enhancing reports for the authentication platform, enabling better monitoring and analysis of authentication activities tailored to stakeholders' needs.

Main missions
Your responsibilities include:

• Review existing master data related to identity management systems and asset inventories.

• Assist in data cleansing, deduplication, and standardization efforts.

• Support the documentation of data management processes, standards, and sources of truth, including how to maintain accurate hardware and software inventory data via CMDB and ITAM systems.

• Help ensure data security and compliance with relevant policies.

• Collaborate with Global IGP, security, and asset management teams to validate data accuracy and consistency.

• Gather requirements for reporting needs from stakeholders involved in security, finance, local IAM owners, and application owners.

• Customize reports based on stakeholder needs to support different groups’ insights.

• Automate report generation where possible to enable timely insights.

• Assist in creating dashboards or visualizations for easier interpretation of authentication data.

• Document reporting procedures and provide support for report users.

Expected skills & experience
We are looking for someone with the following skills:

Hard Skills:

• Familiarity with data management principles, sources of truth concepts, and asset inventories (e.g., CMDB, ITAM).

• Familiarity with reporting tools (e.g., Excel, Power BI, Tableau).

• Basic knowledge of SQL or other data querying languages.

• Basic understanding of identity management systems and their data requirements.

• Understanding of authentication mechanisms, security principles, and asset management.

Soft Skills:

• Strong attention to detail and accuracy.

• Good communication skills for interacting with stakeholders.

• Ability to document processes clearly.

• Proactive attitude and willingness to learn.

Background:

• Currently enrolled in a Bachelor's program in Information Technology, Computer Science, Cybersecurity, or related fields.

Learning Opportunities

• Hands-On Experience with Identity and Asset Data: Understand how various identity management systems, CMDB, and ITAM tools work together to provide accurate sources of truth for user identities and hardware/software assets.

• Data Management Skills: Learn best practices for data cleansing, standardization, and maintaining reliable sources of truth across systems.

• Reporting and Data Visualization: Develop skills in creating tailored reports and dashboards for diverse stakeholder groups using tools like Power BI or ELK.

• Understanding Security and Asset Lifecycle: Gain insights into security policies, asset lifecycle management, and how accurate data supports compliance and operational decision-making.

• Stakeholder Engagement: Learn how to gather requirements from teams such as security, finance, IAM owners, and application owners, and tailor reports accordingly.

• Problem Solving & Analytical Thinking: Enhance your ability to analyze complex data and provide actionable insights.

• Project Management: Gain experience in planning, executing, and documenting tasks within a professional environment.

What we offer
We bring together the expertise, cultural diversity and creativity of over 8,000 employees worldwide and we’re committed to equal opportunities in all aspects of employment (gender, LGBT+, disabled persons, or people of different origins) and to promoting Diversity & Inclusion by creating a work environment where all employees are treated with dignity and respect, and where individual differences are valued.

About the entity
AXA is becoming a sustainable tech-led company and at AXA Group Operations we are one of the major catalysts for this transformation.
We set the tone by triggering and empowering the evolution of our insurance business model through technology and innovation, driving its concrete implementation globally at speed, with a high quality of advisory and execution.
We are present across 17 countries with committed, highly qualified teams. We leverage technology, data, sourcing, security and investment allocation in a global way, but also achieve economies of scale and synergies when necessary.

At AXA Group Operations, we want to be recognized in three fields of action:
• State-of-the-art Data Technology to drive customer experience
• State-of-the-art Procurement & Sourcing to drive efficiency and better manage risks
• High-Performing Global Team for stronger partnerships with AXA entities
About AXA
As a world-leading insurance company, we act for human progress by protecting what matters. With 153,000 employees in 54 countries working for 105 million customers, we’ve created a truly dynamic and vibrant community. Inclusion and diversity link closely with our values, and together we’re nurturing a culture of respect, for each other, for our customers and the communities around us. Join AXA and you’ll feel like you belong, are included and can thrive. You’ll be able to shape the way you work and truly grow your potential as you seek out new opportunities, push boundaries and benefit people in critical moments of their lives. This is your chance to build the tomorrow you want. Know you can.",https://careers.axa.com/careers-home/jobs/19072?lang=en-us,https://www.google.com/search?q=jobs&gl=my&hl=en&udm=8#vhid=vt%3D20/docid%3DIrmbm5Kn56uDVTRXAAAAAA%3D%3D&vssid=jobs-detail-viewer,,,40,"internship/practical training role; analytics skill match: excel, sql, power bi, tableau; preferred state: Selangor; company not in target list; posting date unknown; has apply link; penalty keywords: lead",2026-06-05T07:48:27+00:00,2026-06-05T07:48:27+00:00,0
5cd7323c81b5e2f1ee28c8ae,jsearch,KL Kuala Lumpur Internship- Data Analyst (Sales),AI Sales DR Pte. Ltd.,"Kuala Lumpur, Federal Territory of Kuala Lumpur",Kuala Lumpur,"Location: Kuala Lumpur (Hybrid)

About Us: AI Sales Doctor is an early-stage pre-Seed Data & AI startup that help Tech partners find Asian clients with buying intent data, founded by ex-Google & Microsoft experts. We're looking for builders to join us to build and shape the future of sales function in era of AI together.

Our core values are 1) Customer Centricity and 2) Employees grow before the Company grow (clearly defined career path & promotion timeline due to our promote from within culture). We pride ourselves on our diverse and inclusive work culture, where every team member is valued and respected.

Remuneration: Monthly stipend MYR 1200 (Base 1000, guaranteed incentive MYR 200 subjected to work behavior (punctuality) & no performance issues.

Rewards: Good performers may get occasional business incentive trip and will be considered for full-time jobs in KL.

Job Description: We're hiring Data Analyst (Sales) Interns as part of AI Sales Career Launchpad Programme to support and execute modern, AI-assisted go-to-market (GTM) outreach strategies for B2B clients across Asia.

This is a structured 4 to 12-month internship designed to give you real-world experience in AI-assisted B2B outreach and GTM campaign execution.

You will not be doing “theory-based training.” You will work on live client campaigns under supervision and be guided with clear performance metrics.

Key Responsibilities:

Data Collection & Data Quality Assurance

• Research and identify relevant companies and decision-makers using AI-assisted tools

• Execute personalised, value-driven outreach via email, LinkedIn, and digital channels for data collection (get & check)

• Leverage AI & data tools to ensure data quality assurance.

Data Analyst for Sales & Performance Tracking

• Lead and take action on go-to-market campaigns for real B2B clients via phone, email and LinkedIn to immerse into Sales process, as building block for impactful Data analytics.

• Learn how GTM strategies are executed in real environments through hands-on work.

• Track outreach performance, response rates, and meeting conversions.

CRM & Data Hygiene

• Maintain accurate records of data collection outreach activities and prospect interactions.

• Update CRM systems consistently to ensure data quality and visibility.

• Review results regularly and refine outreach approaches based on feedback.

Who We’re Looking For

This role is suitable for students or fresh graduates who are:

• Curious about Data, AI, tech sales, or startups

• Strong communicators

• Proactive and disciplined

• Interested in exploring Data, GTM, digital outreach, and revenue operations

You may be a good fit if you:

• Communicate confidently and professionally in English and Bahasa Melayu

• Are comfortable initiating conversations and following up

• Are resilient, disciplined, and motivated by measurable goals

• Want to build a career in Data, AI, tech sales, or future entrepreneurship

No prior Data, GTM, AI, or tech sales experience is required. Training is provided on the job.

What You Will Gain:

• Hands-on startup exposure

• Practical experience with Data and AI-assisted GTM tools

• Real B2B outreach experience for foundation on Data collection & Data analytics

• Structured mentorship from founders

• Exposure to modern sales systems and revenue operations

High-performing interns may be considered for full-time conversion opportunities upon completion of the internship (subject to performance and business needs).

Leadership & Mentorship

You will work closely with the founding team led by Elton Lee (ex-Google, Microsoft, Oracle), bringing real-world enterprise and startup sales experience across Asia, including AI-led GTM initiatives.

Coaching is practical, execution-focused, and based on live work — not theory.

Work Setting

4 day work from office, 1 day work from home every week.

Free basic breakfast.

Ready to Apply? - Applications for this batch closes on 20 March 2026

If you’re looking for a real role with clear earning potential and career growth in Data, AI and tech sales, we’d love to hear from you. Apply now.

Job Types: Contract, Internship, Fresh graduate, Student job

Pay: RM1,200.00 per month

Benefits:

• Opportunities for promotion

• Work from home

Ability to commute/relocate:

• Kuala Lumpur: Reliably commute or planning to relocate before starting work (Required)

Application Question(s):

• Are you legally authorized to work in Malaysia without employer sponsorship?

• Are you from any of these universities? Please answer with Group A, Group B, Others if you're from any other universities, Not Uni if you're not from universities.

[Group A:

Universiti Malaya (UM)

Universiti Kebangsaan Malaysia (UKM)

Universiti Putra Malaysia (UPM)

Universiti Teknologi Malaysia (UTM)

Universiti Sains Malaysia (USM)

Monash University Malaysia

University of Nottingham Malaysia]

[Group B:

Universiti Teknologi Petronas (UTP)

Sunway University

Universiti Utara Malaysia (UUM)

Universiti Teknologi MARA (UiTM)

Multimedia University (MMU)

Universiti Tunku Abdul Rahman (UTAR)

Asia Pacific University (APU)

Universiti Tenaga Nasional (UNITEN)

Universiti Kuala Lumpur (UniKL)

Tunku Abdul Rahman University College (TAR UC)]

• Please list your internship period

• Have you read scope & are you ok with the pay of MRY 1050 base pay per month?

Experience:

• Cold Calling: 1 year (Preferred)

Language:

• English (Required)

• Bahasa Melayu (Required)

• Bahasa Indonesia (Preferred)

Location:

• Kuala Lumpur (Required)

Work Location: In person",https://malaysia.indeed.com/viewjob?jk=2e06089b455a3a22,https://www.google.com/search?q=jobs&gl=my&hl=en&udm=8#vhid=vt%3D20/docid%3DHQbTa8-FkvCdG12NAAAAAA%3D%3D&vssid=jobs-detail-viewer,,,39,"internship/practical training role; analytics skill match: analytics; preferred state: Kuala Lumpur; preferred city match; company not in target list; posting date unknown; student/entry-level friendly; has apply link; penalty keywords: lead, full-time",2026-06-05T07:48:27+00:00,2026-06-05T14:21:03+00:00,0
a6b251b64dd1c7a6716b98fe,jsearch,Remote AI/ML Data Analyst Intern: Build Next-Gen AI,Freelancing.my,Anywhere,,"Freelancing.my is seeking an AI/ML Data Analyst Intern in Kuala Lumpur, offering a unique chance to work on groundbreaking technology. You will participate in building and curating a proprietary dataset for an innovative AI engine. The ideal candidate is currently pursuing a degree in Data Science or a related field, exhibiting exceptional attention to detail and analytical capabilities. The internship has potential to convert to a full-time position.",https://my.trabajo.org/job-2267-738ba6b0f334431a588a30c8fff3d56a,https://www.google.com/search?q=jobs&gl=my&hl=en&udm=8#vhid=vt%3D20/docid%3DBKm6_oM-5YdhB09WAAAAAA%3D%3D&vssid=jobs-detail-viewer,2026-06-01T00:00:00.000Z,,36,internship/practical training role; role keyword: data analyst intern; preferred city match; company not in target list; posted within 14 days; student/entry-level friendly; has apply link; penalty keywords: full-time,2026-06-05T07:48:27+00:00,2026-06-05T14:21:03+00:00,0
