bucket,recommended_action,score,company,title,location,state,source,apply_url,source_url,posted_at,first_seen_at,last_seen_at,reasons,job_id
A_APPLY_NOW,Apply today; verify date/duration first.,76,Grab,Intern - Data Scientist (Analytics) - Mobility,"Petaling Jaya, Selangor",Selangor,jsearch,https://www.grab.careers/en/jobs/744000128891259/intern-data-scientist-analytics-mobility/,https://www.google.com/search?q=jobs&gl=my&hl=en&udm=8#vhid=vt%3D20/docid%3D1WhAq3iLfq7b2RXYAAAAAA%3D%3D&vssid=jobs-detail-viewer,2026-05-27T00:00:00.000Z,2026-06-09T15:38:12+00:00,2026-06-10T16:13:43+00:00,"bucket: A_APPLY_NOW; internship/practical training role; adjacent analytics role keyword: data analytics, dashboard, data science; analytics skill match: excel, sql, tableau, python; location priority: Selangor; priority city: Petaling Jaya; mentions Aug-Nov 2026 target window; Tier-1 target company; has apply link; official/ATS source likely higher reliability; student/entry-level friendly; resume skill fit: excel, sql, tableau; posted within 14 days; negative keyword: manager, lead",d7d898fc7213bd08d291d51d
A_APPLY_NOW,Apply today; verify date/duration first.,74,DXC Technology,Power BI & Data Analytics Intern - Hybrid Start Summer,Federal Territory of Kuala Lumpur,Selangor,jsearch,https://my.expertini.com/job/power-bi-data-analytics-intern-hybrid-start-summer-kuala-lumpur-dxc-technology-386-4257525/,https://www.google.com/search?q=jobs&gl=my&hl=en&udm=8#vhid=vt%3D20/docid%3Dyb2lNPdaVW-GbpdHAAAAAA%3D%3D&vssid=jobs-detail-viewer,2026-05-31T00:00:00.000Z,2026-06-06T04:34:56+00:00,2026-06-10T16:13:43+00:00,"bucket: A_APPLY_NOW; internship/practical training role; core role keyword: data analyst intern, data analytics intern, data analyst internship; analytics skill match: excel, power bi, analytics; location priority: Selangor; priority city: Petaling Jaya, Kuala Lumpur; mentions Aug-Nov 2026 target window; small/unknown company kept for mass-apply strategy; has apply link; source host: my.expertini.com; student/entry-level friendly; resume skill fit: excel, power bi, analytics; posted within 14 days",d6d76aa2a497e4b5f401bb63
A_APPLY_NOW,Apply today; verify date/duration first.,71,Maxis,Data Analytics & AI Intern,"Kuala Lumpur, Federal Territory of Kuala Lumpur",Kuala Lumpur,jsearch,https://my.linkedin.com/jobs/view/data-analytics-ai-intern-at-maxis-4398387197,https://www.google.com/search?q=jobs&gl=my&hl=en&udm=8#vhid=vt%3D20/docid%3DD56zJKqZY_ZfbP7pAAAAAA%3D%3D&vssid=jobs-detail-viewer,2026-05-19T00:00:00.000Z,2026-06-05T07:48:27+00:00,2026-06-10T16:13:43+00:00,"bucket: A_APPLY_NOW; internship/practical training role; adjacent analytics role keyword: data analytics, dashboard, data science; analytics skill match: sql, python, dashboard, reporting; location priority: Kuala Lumpur; priority city: Kuala Lumpur; longer internship may still be acceptable; date not stated; keep for manual confirmation; Tier-1 target company; has apply link; trusted job board source; student/entry-level friendly; resume skill fit: sql, python, dashboard; posted within 45 days; negative keyword: lead",04e2727b5d3276b2c17c83ba
A_APPLY_NOW,Apply today; verify date/duration first.,71,Grab,Data Scientist Intern — Marketing AI & MarTech Analytics,"Petaling Jaya, Selangor",Selangor,jsearch,https://my.expertini.com/job/data-scientist-intern-marketing-ai-martech-analytics-petaling-jaya-grab-386-4240837/,https://www.google.com/search?q=jobs&gl=my&hl=en&udm=8#vhid=vt%3D20/docid%3DaRJXTMHMV1VyLjo6AAAAAA%3D%3D&vssid=jobs-detail-viewer,2026-06-02T00:00:00.000Z,2026-06-07T14:27:17+00:00,2026-06-10T16:13:43+00:00,"bucket: A_APPLY_NOW; internship/practical training role; adjacent analytics role keyword: data science, analytics; analytics skill match: sql, reporting, analytics; location priority: Selangor; priority city: Petaling Jaya; date not stated; keep for manual confirmation; Tier-1 target company; has apply link; source host: my.expertini.com; student/entry-level friendly; resume skill fit: sql, reporting, analytics; posted within 14 days",5172d45c1a0a0e3a4c222935
A_APPLY_NOW,Apply today; verify date/duration first.,70,TNG Digital,"Specialist, Intern - Data Analyst","Kuala Lumpur, Federal Territory of Kuala Lumpur",Kuala Lumpur,jsearch,https://www.tngdigital.com.my/careers/job/760/,https://www.google.com/search?q=jobs&gl=my&hl=en&udm=8#vhid=vt%3D20/docid%3DrU2_sSzW30iLg9lbAAAAAA%3D%3D&vssid=jobs-detail-viewer,2026-06-01T00:00:00.000Z,2026-06-07T05:05:14+00:00,2026-06-10T16:13:43+00:00,"bucket: A_APPLY_NOW; internship/practical training role; adjacent analytics role keyword: data analyst, dashboard; analytics skill match: sql, dashboard; location priority: Kuala Lumpur; priority city: Kuala Lumpur; date not stated; keep for manual confirmation; Tier-1 target company; has apply link; official/ATS source likely higher reliability; resume skill fit: sql, dashboard; posted within 14 days",6f029c86f81f4895630bb469
A_APPLY_NOW,Apply today; verify date/duration first.,70,DXC Technology,Business Intelligence (BI) Intern,"Kuala Lumpur, Federal Territory of Kuala Lumpur",Selangor,jsearch,https://careers.dxc.com/job/23390575/business-intelligence-bi-intern-kuala-lumpur-my/,https://www.google.com/search?q=jobs&gl=my&hl=en&udm=8#vhid=vt%3D20/docid%3DQV3xWQMXdb5-YOk1AAAAAA%3D%3D&vssid=jobs-detail-viewer,2026-05-15T00:00:00.000Z,2026-06-05T15:19:08+00:00,2026-06-10T16:13:43+00:00,"bucket: A_APPLY_NOW; internship/practical training role; adjacent analytics role keyword: business intelligence, power bi, dashboard; analytics skill match: excel, power bi, python, dashboard; location priority: Selangor; priority city: Petaling Jaya, Kuala Lumpur; mentions Aug-Nov 2026 target window; small/unknown company kept for mass-apply strategy; has apply link; official/ATS source likely higher reliability; student/entry-level friendly; resume skill fit: excel, power bi, python; posted within 45 days; negative keyword: lead",fd329d86082c5969d433e1f0
A_APPLY_NOW,Apply today; verify date/duration first.,70,Grab,Data Science Intern: A/B Testing,Selangor,Selangor,jsearch,https://my.trabajo.org/job-2267-5bdf27105cf14dc92bce9d14d6901a52,https://www.google.com/search?q=jobs&gl=my&hl=en&udm=8#vhid=vt%3D20/docid%3DjbK1L0ijmPz21MHRAAAAAA%3D%3D&vssid=jobs-detail-viewer,2026-06-01T00:00:00.000Z,2026-06-07T14:27:17+00:00,2026-06-10T16:13:43+00:00,"bucket: A_APPLY_NOW; internship/practical training role; core role keyword: data science intern; analytics skill match: sql, python, data visualization; location priority: Selangor; priority city: Petaling Jaya; duration likely fits 3-month industrial training; mentions Aug-Nov 2026 target window; Tier-1 target company; has apply link; aggregator/low-signal source; manually verify before applying; resume skill fit: sql, python, data visualization; posted within 14 days",33e03f08f017032e54d136b6
B_APPLY_SOON,Apply within 48 hours after quick verification.,66,Petronas,"Intern for Information Technology/Computer Science/Data Science/Data Analysis/Software Engineering/Network Engineering, PETRONAS Gas Berhad in Segamat, Johor","Segamat District, Johor",Johor,jsearch,https://builtin.com/job/intern-information-technology-computer-science-data-science-data-analysis-software-engineering-network-engineering-petronas-gas-berhad-segamat-johor/9305834,https://www.google.com/search?q=jobs&gl=my&hl=en&udm=8#vhid=vt%3D20/docid%3Dka44TsfV8Cfkf8iFAAAAAA%3D%3D&vssid=jobs-detail-viewer,2026-06-06T00:00:00.000Z,2026-06-07T05:05:14+00:00,2026-06-10T16:13:43+00:00,"bucket: B_APPLY_SOON; internship/practical training role; adjacent analytics role keyword: power bi, dashboard, data science; analytics skill match: power bi, dashboard, reporting, database; location priority: Johor; date not stated; keep for manual confirmation; Tier-1 target company; has apply link; source host: builtin.com; resume skill fit: power bi, dashboard, reporting; posted within 14 days",dd53f5b114c5a8c61e9ff8a4
B_APPLY_SOON,Apply within 48 hours after quick verification.,66,Robert Bosch Group,Data Analytics Internship: Dashboards in Power BI & Tableau,Penang,Penang,jsearch,https://seberangperai.my.expertini.com/job/data-analytics-internship-dashboards-in-power-bi-tableau-seberang-perai-robert-bosch-group-386-4168984/,https://www.google.com/search?q=jobs&gl=my&hl=en&udm=8#vhid=vt%3D20/docid%3DyI6HvEsj5pmy7Xp4AAAAAA%3D%3D&vssid=jobs-detail-viewer,2026-05-28T00:00:00.000Z,2026-06-06T14:15:43+00:00,2026-06-10T16:13:43+00:00,"bucket: B_APPLY_SOON; internship/practical training role; core role keyword: data analytics intern, data analytics internship, analytics intern; analytics skill match: sql, power bi, tableau, dashboard; location priority: Penang; date not stated; keep for manual confirmation; Tier-1 target company; has apply link; source host: seberangperai.my.expertini.com; student/entry-level friendly; resume skill fit: sql, power bi, tableau; posted within 14 days; negative keyword: lead",3ff761ab48decc62517590e7
B_APPLY_SOON,Apply within 48 hours after quick verification.,66,Grab,Risk Data Analytics Intern,"Petaling Jaya, Selangor",Selangor,jsearch,https://my.trabajo.org/job-2267-f35a760d60461ce8ce949938e898ef39,https://www.google.com/search?q=jobs&gl=my&hl=en&udm=8#vhid=vt%3D20/docid%3DEH_GQsl_RnIKsYfEAAAAAA%3D%3D&vssid=jobs-detail-viewer,2026-06-04T00:00:00.000Z,2026-06-10T04:55:58+00:00,2026-06-10T16:13:43+00:00,"bucket: B_APPLY_SOON; internship/practical training role; core role keyword: data analytics intern, analytics intern; analytics skill match: sql, analytics, data visualization; location priority: Selangor; priority city: Petaling Jaya; date not stated; keep for manual confirmation; Tier-1 target company; has apply link; aggregator/low-signal source; manually verify before applying; student/entry-level friendly; resume skill fit: sql, analytics, data visualization; posted within 14 days",0de31940847e7292bc6ed0e0
B_APPLY_SOON,Apply within 48 hours after quick verification.,65,Infineon,Data Intern,"George Town, Penang",Penang,jsearch,https://jobs.infineon.com/careers/job/563808970843481,https://www.google.com/search?q=jobs&gl=my&hl=en&udm=8#vhid=vt%3D20/docid%3D6OS6YhrVpTOFZ8sUAAAAAA%3D%3D&vssid=jobs-detail-viewer,2026-05-22T00:00:00.000Z,2026-06-10T04:55:58+00:00,2026-06-10T16:13:43+00:00,"bucket: B_APPLY_SOON; internship/practical training role; adjacent analytics role keyword: dashboard, data visualization; analytics skill match: excel, tableau, dashboard, data visualization; location priority: Penang; priority city: George Town; date not stated; keep for manual confirmation; Tier-1 target company; has apply link; official/ATS source likely higher reliability; resume skill fit: excel, tableau, dashboard; posted within 45 days; negative keyword: lead",7585c3123dc9eb3bfeff04ef
B_APPLY_SOON,Apply within 48 hours after quick verification.,64,Allianz Insurance,"Internship, Data and AI","Kuala Lumpur, Federal Territory of Kuala Lumpur",Kuala Lumpur,jsearch,https://careers.allianz.com/global/en/job/88839/Internship-Data-and-AI,https://www.google.com/search?q=jobs&gl=my&hl=en&udm=8#vhid=vt%3D20/docid%3Df3wuASOotsZroxXTAAAAAA%3D%3D&vssid=jobs-detail-viewer,2026-06-06T00:00:00.000Z,2026-06-09T15:38:12+00:00,2026-06-10T16:13:43+00:00,bucket: B_APPLY_SOON; internship/practical training role; adjacent analytics role keyword: data science; analytics skill match: python; location priority: Kuala Lumpur; priority city: Kuala Lumpur; date not stated; keep for manual confirmation; Tier-2 established company; has apply link; official/ATS source likely higher reliability; student/entry-level friendly; resume skill fit: python; posted within 14 days,7776ed992d8fe2607cc283d2
B_APPLY_SOON,Apply within 48 hours after quick verification.,64,Abbott Laboratories,Service Operations & Data Analytics Intern,"Petaling Jaya, Selangor",Selangor,jsearch,https://www.jobs.abbott/us/en/job/31147525/Service-Operations-Data-Analytics-Intern,https://www.google.com/search?q=jobs&gl=my&hl=en&udm=8#vhid=vt%3D20/docid%3D2pqGcfITnFpLrxVBAAAAAA%3D%3D&vssid=jobs-detail-viewer,2026-05-31T00:00:00.000Z,2026-06-10T04:55:58+00:00,2026-06-10T16:13:43+00:00,"bucket: B_APPLY_SOON; internship/practical training role; core role keyword: data analytics intern, analytics intern; analytics skill match: dashboard, analytics; location priority: Selangor; priority city: Petaling Jaya; date not stated; keep for manual confirmation; Tier-2 established company; has apply link; official/ATS source likely higher reliability; student/entry-level friendly; resume skill fit: dashboard, analytics; posted within 14 days; seniority/permanent/experience red flag; negative keyword: senior",9087c34e24b1ab7cc05a04f7
B_APPLY_SOON,Apply within 48 hours after quick verification.,63,AXA,Data Analyst - Identity Access Management (Internship),"Puchong, Selangor",Selangor,jsearch,https://careers.axa.com/careers-home/jobs/19072?lang=en-us,https://www.google.com/search?q=jobs&gl=my&hl=en&udm=8#vhid=vt%3D20/docid%3DIrmbm5Kn56uDVTRXAAAAAA%3D%3D&vssid=jobs-detail-viewer,,2026-06-09T15:38:12+00:00,2026-06-10T16:13:43+00:00,"bucket: B_APPLY_SOON; internship/practical training role; adjacent analytics role keyword: data analyst, power bi, dashboard; analytics skill match: excel, sql, power bi, tableau; location priority: Selangor; priority city: Puchong; date not stated; keep for manual confirmation; Tier-2 established company; has apply link; official/ATS source likely higher reliability; student/entry-level friendly; resume skill fit: excel, sql, power bi; posting date unknown; negative keyword: lead; may target Masters-level candidate",0b17d2023c29c035c63527c0
B_APPLY_SOON,Apply within 48 hours after quick verification.,63,Petronas Ventures,BI & Data Analytics Intern: Insightful Reporting,"Kuala Lumpur, Federal Territory of Kuala Lumpur",Kuala Lumpur,jsearch,https://my.trabajo.org/job-2267-80d1487ec7a955e0ac4e5f7fa47fdc7a,https://www.google.com/search?q=jobs&gl=my&hl=en&udm=8#vhid=vt%3D20/docid%3DxR7nWvdwmjnaUv1mAAAAAA%3D%3D&vssid=jobs-detail-viewer,2026-06-03T00:00:00.000Z,2026-06-05T15:19:08+00:00,2026-06-10T16:13:43+00:00,"bucket: B_APPLY_SOON; internship/practical training role; core role keyword: data analytics intern, business intelligence intern, analytics intern; analytics skill match: power bi, reporting, analytics, business intelligence; location priority: Kuala Lumpur; priority city: Kuala Lumpur; date not stated; keep for manual confirmation; Tier-1 target company; has apply link; aggregator/low-signal source; manually verify before applying; student/entry-level friendly; resume skill fit: power bi, reporting, analytics; posted within 14 days; negative keyword: lead",d85cce0f352498176bc6218f
B_APPLY_SOON,Apply within 48 hours after quick verification.,62,Allianz Insurance,"Internship, Business Analyst - Digital Transformation Office","Kuala Lumpur, Federal Territory of Kuala Lumpur",Kuala Lumpur,jsearch,https://careers.allianz.com/ie/en/job/89325/Internship-Business-Analyst-Digital-Transformation-Office,https://www.google.com/search?q=jobs&gl=my&hl=en&udm=8#vhid=vt%3D20/docid%3Dx3O1JuKuHmwF5UDXAAAAAA%3D%3D&vssid=jobs-detail-viewer,2026-05-26T00:00:00.000Z,2026-06-05T15:19:08+00:00,2026-06-10T16:13:43+00:00,bucket: B_APPLY_SOON; internship/practical training role; adjacent analytics role keyword: business analyst; analytics skill match: excel; location priority: Kuala Lumpur; priority city: Kuala Lumpur; date not stated; keep for manual confirmation; Tier-2 established company; has apply link; official/ATS source likely higher reliability; student/entry-level friendly; resume skill fit: excel; posted within 45 days,195fec6f3f821b61130c8ae5
B_APPLY_SOON,Apply within 48 hours after quick verification.,62,Bosch Malaysia,Data Analytics & Visualization Internship,"George Town, Penang",Penang,jsearch,https://my.prosple.com/graduate-employers/bosch-malaysia/jobs-internships/data-analytics-visualization-internship,https://www.google.com/search?q=jobs&gl=my&hl=en&udm=8#vhid=vt%3D20/docid%3DiL2y_W0qsAYICsqrAAAAAA%3D%3D&vssid=jobs-detail-viewer,,2026-06-09T15:38:12+00:00,2026-06-10T16:13:43+00:00,"bucket: B_APPLY_SOON; internship/practical training role; adjacent analytics role keyword: data analytics, power bi, dashboard; analytics skill match: sql, power bi, tableau, dashboard; location priority: Penang; priority city: George Town; date not stated; keep for manual confirmation; Tier-1 target company; has apply link; source host: my.prosple.com; student/entry-level friendly; resume skill fit: sql, power bi, tableau; posting date unknown; negative keyword: lead",7dd9d9380d8bd033f3094a9e
B_APPLY_SOON,Apply within 48 hours after quick verification.,61,Hiredly,Internship Data & AI Intern,"Petaling Jaya, Selangor",Selangor,jsearch,https://my.hiredly.com/jobs/jobs-malaysia-hiredly-job-internship-data-ai-intern,https://www.google.com/search?q=jobs&gl=my&hl=en&udm=8#vhid=vt%3D20/docid%3DapToD4u-fQs7YV8fAAAAAA%3D%3D&vssid=jobs-detail-viewer,2026-05-24T00:00:00.000Z,2026-06-07T14:27:17+00:00,2026-06-10T16:13:43+00:00,"bucket: B_APPLY_SOON; internship/practical training role; adjacent analytics role keyword: data science, analytics; analytics skill match: sql, python, analytics; location priority: Selangor; priority city: Petaling Jaya; date not stated; keep for manual confirmation; small/unknown company kept for mass-apply strategy; has apply link; trusted job board source; resume skill fit: sql, python, analytics; posted within 45 days",d5040dd78ae99bbbdef497cd
B_APPLY_SOON,Apply within 48 hours after quick verification.,61,Setel,Data Analysis Internship,"Kuala Lumpur, Federal Territory of Kuala Lumpur",Kuala Lumpur,jsearch,https://my.prosple.com/graduate-employers/setel/jobs-internships/data-analysis-internship-2,https://www.google.com/search?q=jobs&gl=my&hl=en&udm=8#vhid=vt%3D20/docid%3DN8DV4GgzgcXCDR-NAAAAAA%3D%3D&vssid=jobs-detail-viewer,,2026-06-10T16:13:43+00:00,2026-06-10T16:13:43+00:00,"bucket: B_APPLY_SOON; internship/practical training role; adjacent analytics role keyword: dashboard, data science; analytics skill match: excel, sql, dashboard, reporting; location priority: Kuala Lumpur; priority city: Kuala Lumpur; longer internship may still be acceptable; date not stated; keep for manual confirmation; small/unknown company kept for mass-apply strategy; has apply link; source host: my.prosple.com; student/entry-level friendly; resume skill fit: excel, sql, dashboard; posting date unknown",e5b094a5e6b42e07f8ae4a41
B_APPLY_SOON,Apply within 48 hours after quick verification.,61,Petronas Ventures,AI & Data Analytics Intern - Power BI Insights,"Kuala Lumpur, Federal Territory of Kuala Lumpur",Kuala Lumpur,jsearch,https://my.trabajo.org/job-2267-f9a8232008e0dd13f1bf411d334ae70c,https://www.google.com/search?q=jobs&gl=my&hl=en&udm=8#vhid=vt%3D20/docid%3D1NRX1dq7S1uDzIsmAAAAAA%3D%3D&vssid=jobs-detail-viewer,2026-06-02T00:00:00.000Z,2026-06-05T15:19:08+00:00,2026-06-10T16:13:43+00:00,"bucket: B_APPLY_SOON; internship/practical training role; core role keyword: data analytics intern, analytics intern; analytics skill match: power bi, dashboard, analytics; location priority: Kuala Lumpur; priority city: Kuala Lumpur; date not stated; keep for manual confirmation; Tier-1 target company; has apply link; aggregator/low-signal source; manually verify before applying; student/entry-level friendly; resume skill fit: power bi, dashboard, analytics; posted within 14 days; negative keyword: lead",5074a7e3d8f0761f16528454
B_APPLY_SOON,Apply within 48 hours after quick verification.,60,WPP Media,Analytics Intern,"Kuala Lumpur, Federal Territory of Kuala Lumpur",Kuala Lumpur,jsearch,https://wpp.careersitecloud.com/job-69b943760f71156bdc42ca95-analytics-intern-kuala-lumpur,https://www.google.com/search?q=jobs&gl=my&hl=en&udm=8#vhid=vt%3D20/docid%3D7j-TUR7lC6bPMFrIAAAAAA%3D%3D&vssid=jobs-detail-viewer,2026-05-18T00:00:00.000Z,2026-06-05T15:19:08+00:00,2026-06-10T16:13:43+00:00,"bucket: B_APPLY_SOON; internship/practical training role; core role keyword: analytics intern; analytics skill match: sql, power bi, python, dashboard; location priority: Kuala Lumpur; priority city: Kuala Lumpur; longer internship may still be acceptable; date not stated; keep for manual confirmation; small/unknown company kept for mass-apply strategy; has apply link; official/ATS source likely higher reliability; student/entry-level friendly; resume skill fit: sql, power bi, python; posted within 45 days; negative keyword: lead; may target Masters-level candidate",3a94c7ddf71af7ba5cbc5a56
B_APPLY_SOON,Apply within 48 hours after quick verification.,60,Skyline Catering Sdn Bhd,Internship For Data Analyst,"Cheras, Selangor",Selangor,jsearch,https://www.maukerja.my/en/job/26603481-internship-for-data-analyst,https://www.google.com/search?q=jobs&gl=my&hl=en&udm=8#vhid=vt%3D20/docid%3D9IOpml2AZwjE0sE_AAAAAA%3D%3D&vssid=jobs-detail-viewer,2026-05-27T00:00:00.000Z,2026-06-10T04:55:58+00:00,2026-06-10T16:13:43+00:00,"bucket: B_APPLY_SOON; internship/practical training role; adjacent analytics role keyword: data analyst, data analytics, power bi; analytics skill match: excel, sql, power bi, python; location priority: Selangor; date not stated; keep for manual confirmation; small/unknown company kept for mass-apply strategy; has apply link; source host: maukerja.my; student/entry-level friendly; resume skill fit: excel, sql, power bi; posted within 14 days",85cf298ecce7559d254a2ff8
B_APPLY_SOON,Apply within 48 hours after quick verification.,60,Mettler Toledo AG,Data Analytics Intern: Quality,"Petaling Jaya, Selangor",Selangor,jsearch,https://my.trabajo.org/job-2267-a67be24d91b61f70c0cc0f274112f0fa,https://www.google.com/search?q=jobs&gl=my&hl=en&udm=8#vhid=vt%3D20/docid%3DStzdzcIf76sKfDdSAAAAAA%3D%3D&vssid=jobs-detail-viewer,2026-06-04T00:00:00.000Z,2026-06-09T15:38:12+00:00,2026-06-10T16:13:43+00:00,"bucket: B_APPLY_SOON; internship/practical training role; core role keyword: data analyst intern, data analytics intern, analytics intern; analytics skill match: sql, dashboard, analytics; location priority: Selangor; priority city: Petaling Jaya; date not stated; keep for manual confirmation; small/unknown company kept for mass-apply strategy; has apply link; aggregator/low-signal source; manually verify before applying; student/entry-level friendly; resume skill fit: sql, dashboard, analytics; posted within 14 days",8b0c7de35398b017c1b5463b
B_APPLY_SOON,Apply within 48 hours after quick verification.,60,Evonik Malaysia Sdn Bhd,Intern - Business Analytics and Reporting Center,"Petaling Jaya, Selangor",Selangor,jsearch,https://my.trabajo.org/job-3400-c905b67c3a81cb1b227fe6c70817f7bf,https://www.google.com/search?q=jobs&gl=my&hl=en&udm=8#vhid=vt%3D20/docid%3Du0HGnj1i2PUmzj62AAAAAA%3D%3D&vssid=jobs-detail-viewer,2026-06-01T00:00:00.000Z,2026-06-06T14:15:43+00:00,2026-06-10T16:13:43+00:00,"bucket: B_APPLY_SOON; internship/practical training role; adjacent analytics role keyword: data analytics, power bi, business analyst; analytics skill match: sql, power bi, tableau, python; location priority: Selangor; priority city: Petaling Jaya; duration likely fits 3-month industrial training; small/unknown company kept for mass-apply strategy; has apply link; aggregator/low-signal source; manually verify before applying; student/entry-level friendly; resume skill fit: sql, power bi, tableau; posted within 14 days",db9395ec1f9c312fe2832824
B_APPLY_SOON,Apply within 48 hours after quick verification.,59,Shopee,"Data Analyst Intern, Buyer & Marketing - Business Intelligence (Jan- Apr 2026)",Malaysia,Malaysia,jsearch,https://www.foundit.my/job/data-analyst-intern-buyer-marketing-business-intelligence-jan-apr-2026-shopee-malaysia-38188094,https://www.google.com/search?q=jobs&gl=my&hl=en&udm=8#vhid=vt%3D20/docid%3DqSsO4VND1vUNx90dAAAAAA%3D%3D&vssid=jobs-detail-viewer,,2026-06-09T15:38:12+00:00,2026-06-10T16:13:43+00:00,"bucket: B_APPLY_SOON; internship/practical training role; core role keyword: data analyst intern; analytics skill match: dashboard, analytics, business intelligence, statistics; location priority: Malaysia; date not stated; keep for manual confirmation; Tier-1 target company; has apply link; trusted job board source; student/entry-level friendly; resume skill fit: dashboard, analytics, business intelligence; posting date unknown",f989ff72ca59d1df27a4a2a9
B_APPLY_SOON,Apply within 48 hours after quick verification.,59,"Keysight Technologies, Inc.",Data Analytics Intern,"Bayan Lepas, Penang",Penang,jsearch,https://my.trabajo.org/job-3400-604b5a03641d6344bd723237c487f76c,https://www.google.com/search?q=jobs&gl=my&hl=en&udm=8#vhid=vt%3D20/docid%3Dy6gBHITW9TQK4kVYAAAAAA%3D%3D&vssid=jobs-detail-viewer,2026-05-31T00:00:00.000Z,2026-06-05T15:19:08+00:00,2026-06-10T16:13:43+00:00,"bucket: B_APPLY_SOON; internship/practical training role; core role keyword: data analytics intern, analytics intern; analytics skill match: excel, sql, power bi, python; location priority: Penang; priority city: Bayan Lepas; date not stated; keep for manual confirmation; Tier-1 target company; has apply link; aggregator/low-signal source; manually verify before applying; resume skill fit: excel, sql, power bi; posted within 14 days",700d8cd0b906bf44082b900c
B_APPLY_SOON,Apply within 48 hours after quick verification.,58,Hilti Corporation,Internship - Data Science,"Petaling Jaya, Selangor",Selangor,jsearch,https://careers.hilti.group/en/jobs/13631-en/internship-data-science/,https://www.google.com/search?q=jobs&gl=my&hl=en&udm=8#vhid=vt%3D20/docid%3Dj2PV8MW7YOvwv__4AAAAAA%3D%3D&vssid=jobs-detail-viewer,,2026-06-07T14:27:17+00:00,2026-06-10T16:13:43+00:00,"bucket: B_APPLY_SOON; internship/practical training role; core role keyword: data science intern; analytics skill match: excel, sql, python, statistics; location priority: Selangor; priority city: Petaling Jaya; date not stated; keep for manual confirmation; small/unknown company kept for mass-apply strategy; has apply link; official/ATS source likely higher reliability; resume skill fit: excel, sql, python; posting date unknown; negative keyword: lead",7f6b234e74ab8adc6074dae9
B_APPLY_SOON,Apply within 48 hours after quick verification.,58,Elanco,Finance Data Analytics Intern – Power BI Dashboards,"Petaling Jaya, Selangor",Selangor,jsearch,https://my.trabajo.org/job-2267-4a065e60aad41fe038350280a7644068,https://www.google.com/search?q=jobs&gl=my&hl=en&udm=8#vhid=vt%3D20/docid%3D7kYENWCGICrO2mV4AAAAAA%3D%3D&vssid=jobs-detail-viewer,2026-06-04T00:00:00.000Z,2026-06-06T04:34:56+00:00,2026-06-10T16:13:43+00:00,"bucket: B_APPLY_SOON; internship/practical training role; core role keyword: data analytics intern, analytics intern; analytics skill match: power bi, dashboard, analytics; location priority: Selangor; priority city: Petaling Jaya; date not stated; keep for manual confirmation; small/unknown company kept for mass-apply strategy; has apply link; aggregator/low-signal source; manually verify before applying; student/entry-level friendly; resume skill fit: power bi, dashboard, analytics; posted within 14 days",dac4c19ddf997805e0646a0c
B_APPLY_SOON,Apply within 48 hours after quick verification.,57,Shopee,"Data Analyst Intern - Customer Service, Regional Operations (Summer 2026)",Malaysia,Malaysia,jsearch,https://www.foundit.my/job/data-analyst-intern-customer-service-regional-operations-summer-2026-shopee-malaysia-43900743,https://www.google.com/search?q=jobs&gl=my&hl=en&udm=8#vhid=vt%3D20/docid%3DbPVgU1Kq_MlcAId0AAAAAA%3D%3D&vssid=jobs-detail-viewer,,2026-06-05T07:48:27+00:00,2026-06-10T16:13:43+00:00,"bucket: B_APPLY_SOON; internship/practical training role; core role keyword: data analyst intern; analytics skill match: excel, sql; location priority: Malaysia; Summer 2026 mention; verify if it can cover Aug-Nov requirement; date not stated; keep for manual confirmation; Tier-1 target company; has apply link; trusted job board source; student/entry-level friendly; resume skill fit: excel, sql; posting date unknown",2edb74bbf862c6284563032b
B_APPLY_SOON,Apply within 48 hours after quick verification.,57,Haemonetics,Quality Engineer - Analytics Intern,"George Town, Penang",Penang,jsearch,https://bebee.com/my/jobs/quality-engineer-analytics-intern-haemonetics-penang-malaysia--techmap_my_53509062,https://www.google.com/search?q=jobs&gl=my&hl=en&udm=8#vhid=vt%3D20/docid%3D15bIBWugCxUoC1iGAAAAAA%3D%3D&vssid=jobs-detail-viewer,2026-05-22T00:00:00.000Z,2026-06-10T04:55:58+00:00,2026-06-10T16:13:43+00:00,"bucket: B_APPLY_SOON; internship/practical training role; core role keyword: analytics intern; analytics skill match: tableau, python, dashboard, analytics; location priority: Penang; priority city: George Town; date not stated; keep for manual confirmation; small/unknown company kept for mass-apply strategy; has apply link; source host: bebee.com; student/entry-level friendly; resume skill fit: tableau, python, dashboard; posted within 45 days",9198725a28ec61b0cac36117
B_APPLY_SOON,Apply within 48 hours after quick verification.,57,Lean Giap Group Of Companies,"Data Analytics Intern: Build Pipelines, Scrapers","George Town, Penang",Penang,jsearch,https://my.trabajo.org/job-2267-14be077a06510bcbbd56df60fad22217,https://www.google.com/search?q=jobs&gl=my&hl=en&udm=8#vhid=vt%3D20/docid%3D75Hq2t2KVCZwpwV2AAAAAA%3D%3D&vssid=jobs-detail-viewer,2026-06-02T00:00:00.000Z,2026-06-07T05:05:14+00:00,2026-06-10T16:13:43+00:00,"bucket: B_APPLY_SOON; internship/practical training role; core role keyword: data analyst intern, data analytics intern, analytics intern; analytics skill match: power bi, python, dashboard, analytics; location priority: Penang; priority city: George Town; date not stated; keep for manual confirmation; small/unknown company kept for mass-apply strategy; has apply link; aggregator/low-signal source; manually verify before applying; student/entry-level friendly; resume skill fit: power bi, python, dashboard; posted within 14 days",5b30316ad732f9c43a426c15
B_APPLY_SOON,Apply within 48 hours after quick verification.,57,ib vogt GmbH,Finance & Data Analytics Intern – Power BI Reporting,"Kuala Lumpur, Federal Territory of Kuala Lumpur",Kuala Lumpur,jsearch,https://my.trabajo.org/job-2267-febc7fd102481fd16483157c651f0cdb,https://www.google.com/search?q=jobs&gl=my&hl=en&udm=8#vhid=vt%3D20/docid%3DYH40PxbEfF2L7dcoAAAAAA%3D%3D&vssid=jobs-detail-viewer,2026-06-04T00:00:00.000Z,2026-06-06T04:34:56+00:00,2026-06-10T16:13:43+00:00,"bucket: B_APPLY_SOON; internship/practical training role; core role keyword: data analytics intern, analytics intern; analytics skill match: power bi, reporting, analytics; location priority: Kuala Lumpur; priority city: Kuala Lumpur; date not stated; keep for manual confirmation; small/unknown company kept for mass-apply strategy; has apply link; aggregator/low-signal source; manually verify before applying; student/entry-level friendly; resume skill fit: power bi, reporting, analytics; posted within 14 days",5ef53692ec5afe524718d5af
B_APPLY_SOON,Apply within 48 hours after quick verification.,57,PolicyStreet,Data Analytics Intern: Build Dashboards,"Kuala Lumpur, Federal Territory of Kuala Lumpur",Kuala Lumpur,jsearch,https://my.trabajo.org/job-2267-2061b363e15bece8a1508b8c83c990a6,https://www.google.com/search?q=jobs&gl=my&hl=en&udm=8#vhid=vt%3D20/docid%3DRqkpAPwtjw-8iTyEAAAAAA%3D%3D&vssid=jobs-detail-viewer,2026-06-02T00:00:00.000Z,2026-06-05T15:19:08+00:00,2026-06-10T16:13:43+00:00,"bucket: B_APPLY_SOON; internship/practical training role; core role keyword: data analytics intern, analytics intern; analytics skill match: sql, dashboard, reporting, analytics; location priority: Kuala Lumpur; priority city: Kuala Lumpur; date not stated; keep for manual confirmation; small/unknown company kept for mass-apply strategy; has apply link; aggregator/low-signal source; manually verify before applying; student/entry-level friendly; resume skill fit: sql, dashboard, reporting; posted within 14 days",2c0cddbecd107a223da5e506
B_APPLY_SOON,Apply within 48 hours after quick verification.,57,MOL Accessportal Sdn Bhd,Power BI Analytics Intern – Data Insights,"Kuala Lumpur, Federal Territory of Kuala Lumpur",Kuala Lumpur,jsearch,https://my.trabajo.org/job-2267-82fb57a57f6cb2f93db93581970f8d8a,https://www.google.com/search?q=jobs&gl=my&hl=en&udm=8#vhid=vt%3D20/docid%3DO9y7Ew_CnxLiiwcDAAAAAA%3D%3D&vssid=jobs-detail-viewer,2026-05-30T00:00:00.000Z,2026-06-05T15:19:08+00:00,2026-06-10T16:13:43+00:00,"bucket: B_APPLY_SOON; internship/practical training role; core role keyword: data analyst intern, analytics intern; analytics skill match: sql, power bi, python, dashboard; location priority: Kuala Lumpur; priority city: Kuala Lumpur; date not stated; keep for manual confirmation; small/unknown company kept for mass-apply strategy; has apply link; aggregator/low-signal source; manually verify before applying; student/entry-level friendly; resume skill fit: sql, power bi, python; posted within 14 days",4134833092a30186e38072f4
B_APPLY_SOON,Apply within 48 hours after quick verification.,57,Robert Bosch Group,Data Analytics Internship: Dashboards in Power BI,Penang,Penang,jsearch,https://my.trabajo.org/job-2267-380a18e2742bf1ccaf69b8add9210724,https://www.google.com/search?q=jobs&gl=my&hl=en&udm=8#vhid=vt%3D20/docid%3Du4hqm7sEj66sK_G-AAAAAA%3D%3D&vssid=jobs-detail-viewer,2026-05-27T00:00:00.000Z,2026-06-05T15:19:08+00:00,2026-06-10T16:13:43+00:00,"bucket: B_APPLY_SOON; internship/practical training role; core role keyword: data analytics intern, data analytics internship, analytics intern; analytics skill match: sql, power bi, tableau, dashboard; location priority: Penang; date not stated; keep for manual confirmation; Tier-1 target company; has apply link; aggregator/low-signal source; manually verify before applying; student/entry-level friendly; resume skill fit: sql, power bi, tableau; posted within 14 days; negative keyword: lead",529e4773488650b6d60b0f42
B_APPLY_SOON,Apply within 48 hours after quick verification.,56,"Mettler-Toledo, Inc.",Junior Data Analyst Internship,"Petaling Jaya, Selangor",Selangor,jsearch,https://jobs.mt.com/en/job/petaling-jaya/junior-data-analyst-internship/36870/95932927328,https://www.google.com/search?q=jobs&gl=my&hl=en&udm=8#vhid=vt%3D20/docid%3Drgodmp510JiSWravAAAAAA%3D%3D&vssid=jobs-detail-viewer,2026-06-02T00:00:00.000Z,2026-06-05T15:19:08+00:00,2026-06-10T16:13:43+00:00,"bucket: B_APPLY_SOON; internship/practical training role; core role keyword: data analyst intern, data analyst internship; analytics skill match: excel, sql, dashboard, reporting; location priority: Selangor; priority city: Petaling Jaya; date not stated; keep for manual confirmation; Tier-2 established company; has apply link; source host: jobs.mt.com; student/entry-level friendly; resume skill fit: excel, sql, dashboard; posted within 14 days; seniority/permanent/experience red flag; negative keyword: senior, lead",5df3d24e01c37f80863166ee
B_APPLY_SOON,Apply within 48 hours after quick verification.,56,SupportFinity™,"Data Office Intern: Analytics, Dashboards & Insights","Kuala Lumpur, Federal Territory of Kuala Lumpur",Kuala Lumpur,jsearch,https://my.jooble.org/jdp/9191893859918900615,https://www.google.com/search?q=jobs&gl=my&hl=en&udm=8#vhid=vt%3D20/docid%3DnDaXzrlBG8j2cdc9AAAAAA%3D%3D&vssid=jobs-detail-viewer,2026-06-08T00:00:00.000Z,2026-06-10T04:55:58+00:00,2026-06-10T16:13:43+00:00,"bucket: B_APPLY_SOON; internship/practical training role; adjacent analytics role keyword: dashboard, analytics; analytics skill match: dashboard, analytics; location priority: Kuala Lumpur; priority city: Kuala Lumpur; duration likely fits 3-month industrial training; small/unknown company kept for mass-apply strategy; has apply link; aggregator/low-signal source; manually verify before applying; student/entry-level friendly; resume skill fit: dashboard, analytics; posted within 3 days",c0ac4739f80bd14f48716a36
B_APPLY_SOON,Apply within 48 hours after quick verification.,56,Infineon Technologies AG,Data Analytics & Dashboard Intern,"George Town, Penang",Penang,jsearch,https://my.jooble.org/jdp/-1280259139305743306,https://www.google.com/search?q=jobs&gl=my&hl=en&udm=8#vhid=vt%3D20/docid%3D0nru0hJH0HC6VnFLAAAAAA%3D%3D&vssid=jobs-detail-viewer,2026-06-02T00:00:00.000Z,2026-06-07T14:27:17+00:00,2026-06-10T16:13:43+00:00,"bucket: B_APPLY_SOON; internship/practical training role; adjacent analytics role keyword: data analytics, dashboard, analytics; analytics skill match: excel, tableau, dashboard, analytics; location priority: Penang; priority city: George Town; date not stated; keep for manual confirmation; Tier-1 target company; has apply link; aggregator/low-signal source; manually verify before applying; resume skill fit: excel, tableau, dashboard; posted within 14 days",4eda2b7089f3a90e491f781c
B_APPLY_SOON,Apply within 48 hours after quick verification.,56,PETRONAS,Internship for Business Analysis,"Kuala Lumpur, Federal Territory of Kuala Lumpur",Kuala Lumpur,jsearch,https://my.trabajo.org/job-4073-a1e92061c1a888a5d832049030b451a7,https://www.google.com/search?q=jobs&gl=my&hl=en&udm=8#vhid=vt%3D20/docid%3DfpYIEnsXCf7duT-gAAAAAA%3D%3D&vssid=jobs-detail-viewer,2026-05-10T00:00:00.000Z,2026-06-07T05:05:14+00:00,2026-06-10T16:13:43+00:00,"bucket: B_APPLY_SOON; internship/practical training role; adjacent analytics role keyword: power bi, dashboard, data science; analytics skill match: excel, sql, power bi, python; location priority: Kuala Lumpur; priority city: Kuala Lumpur; date not stated; keep for manual confirmation; Tier-1 target company; has apply link; aggregator/low-signal source; manually verify before applying; student/entry-level friendly; resume skill fit: excel, sql, power bi; posted within 45 days; may target Masters-level candidate",79ffb57f31667a3cfdfd0904
B_APPLY_SOON,Apply within 48 hours after quick verification.,56,Jabil Circuit Sdn Bhd,IT Operations Intern: Power BI Dashboards,"Bayan Lepas, Penang",Penang,jsearch,https://my.trabajo.org/job-2267-c1e356f507b433a31285e93bd13b2962,https://www.google.com/search?q=jobs&gl=my&hl=en&udm=8#vhid=vt%3D20/docid%3D2sEELaA98Qc5-Q2aAAAAAA%3D%3D&vssid=jobs-detail-viewer,2026-05-27T00:00:00.000Z,2026-06-06T14:15:43+00:00,2026-06-10T16:13:43+00:00,"bucket: B_APPLY_SOON; internship/practical training role; adjacent analytics role keyword: power bi, dashboard; analytics skill match: power bi, dashboard; location priority: Penang; priority city: Bayan Lepas; date not stated; keep for manual confirmation; Tier-1 target company; has apply link; aggregator/low-signal source; manually verify before applying; student/entry-level friendly; resume skill fit: power bi, dashboard; posted within 14 days",c8c14f840b84588da4529c95
B_APPLY_SOON,Apply within 48 hours after quick verification.,56,Petronas Ventures,AI Analytics Intern: Power BI Dashboards & Data Insights,"Kuala Lumpur, Federal Territory of Kuala Lumpur",Kuala Lumpur,jsearch,https://my.jooble.org/jdp/6519788413106727113,https://www.google.com/search?q=jobs&gl=my&hl=en&udm=8#vhid=vt%3D20/docid%3DN9HYlV9uAGTIotWSAAAAAA%3D%3D&vssid=jobs-detail-viewer,2026-06-04T00:00:00.000Z,2026-06-06T04:34:56+00:00,2026-06-10T16:13:43+00:00,"bucket: B_APPLY_SOON; internship/practical training role; core role keyword: analytics intern; analytics skill match: power bi, dashboard, analytics; location priority: Kuala Lumpur; priority city: Kuala Lumpur; date not stated; keep for manual confirmation; Tier-1 target company; has apply link; aggregator/low-signal source; manually verify before applying; student/entry-level friendly; resume skill fit: power bi, dashboard, analytics; posted within 14 days; negative keyword: lead",f5ca424a005e3fcd47493d35
B_APPLY_SOON,Apply within 48 hours after quick verification.,56,Global Coffee Resources Sdn Bhd,Internship - Business Intelligence Analyst,"Shah Alam, Selangor",Selangor,jsearch,https://my.trabajo.org/job-3400-502bb57bac194bf23137a5e8fc04a750,https://www.google.com/search?q=jobs&gl=my&hl=en&udm=8#vhid=vt%3D20/docid%3D57h_fliXDIb-gP5bAAAAAA%3D%3D&vssid=jobs-detail-viewer,2026-05-28T00:00:00.000Z,2026-06-05T15:19:08+00:00,2026-06-10T16:13:43+00:00,"bucket: B_APPLY_SOON; internship/practical training role; adjacent analytics role keyword: business intelligence, power bi; analytics skill match: sql, power bi, tableau, business intelligence; location priority: Selangor; priority city: Shah Alam; longer internship may still be acceptable; date not stated; keep for manual confirmation; small/unknown company kept for mass-apply strategy; has apply link; aggregator/low-signal source; manually verify before applying; student/entry-level friendly; resume skill fit: sql, power bi, tableau; posted within 14 days",ce3f0b0e090f59c8b9a4b0e3
B_APPLY_SOON,Apply within 48 hours after quick verification.,55,Enzee Integrated Sdn Bhd,Social Media Data Analyst Intern — Insights & Analytics,Selangor,Selangor,jsearch,https://en-my.whatjobs.com/jobs/social-media-data-analyst-intern/selangor?id=26372245,https://www.google.com/search?q=jobs&gl=my&hl=en&udm=8#vhid=vt%3D20/docid%3DDi_xmRzNpEu1gN-FAAAAAA%3D%3D&vssid=jobs-detail-viewer,2026-06-01T00:00:00.000Z,2026-06-10T04:55:58+00:00,2026-06-10T16:13:43+00:00,"bucket: B_APPLY_SOON; internship/practical training role; core role keyword: data analyst intern; analytics skill match: reporting, analytics; location priority: Selangor; date not stated; keep for manual confirmation; small/unknown company kept for mass-apply strategy; has apply link; source host: en-my.whatjobs.com; student/entry-level friendly; resume skill fit: reporting, analytics; posted within 14 days",65cce9960dffa24e5b730ac2
B_APPLY_SOON,Apply within 48 hours after quick verification.,55,Plasticos Castella SA,Intern - Data Science,Penang,Penang,jsearch,https://my.expertini.com/job/intern-data-science-bayan-lepas-plasticos-castella-sa-386-4266062/,https://www.google.com/search?q=jobs&gl=my&hl=en&udm=8#vhid=vt%3D20/docid%3DCLA6i9zpK77_HWOhAAAAAA%3D%3D&vssid=jobs-detail-viewer,2026-05-29T00:00:00.000Z,2026-06-07T14:27:17+00:00,2026-06-10T16:13:43+00:00,"bucket: B_APPLY_SOON; internship/practical training role; core role keyword: data science intern; analytics skill match: power bi, python, dashboard, statistics; location priority: Penang; date not stated; keep for manual confirmation; small/unknown company kept for mass-apply strategy; has apply link; source host: my.expertini.com; student/entry-level friendly; resume skill fit: power bi, python, dashboard; posted within 14 days",5b8e1b1a22d2520e0b848ae7
C_MASS_APPLY,Mass-apply if role/location is acceptable.,54,enzee,Internship Data Analyst,"Petaling Jaya, Selangor",Selangor,jsearch,https://my.hiredly.com/jobs/jobs-malaysia-enzee-job-internship-data-analyst-2,https://www.google.com/search?q=jobs&gl=my&hl=en&udm=8#vhid=vt%3D20/docid%3D6eKCBjw32gVhu9riAAAAAA%3D%3D&vssid=jobs-detail-viewer,2026-05-24T00:00:00.000Z,2026-06-05T15:19:08+00:00,2026-06-10T16:13:43+00:00,bucket: C_MASS_APPLY; internship/practical training role; core role keyword: data analyst intern; analytics skill match: analytics; location priority: Selangor; priority city: Petaling Jaya; date not stated; keep for manual confirmation; small/unknown company kept for mass-apply strategy; has apply link; trusted job board source; resume skill fit: analytics; posted within 45 days,bd114d6a5e58d0b6aae1d8b4
C_MASS_APPLY,Mass-apply if role/location is acceptable.,54,Boostorder,Data Analyst Intern,"Kuala Lumpur, Federal Territory of Kuala Lumpur",Kuala Lumpur,jsearch,https://levelup.boostorder.com/o/data-analyst-intern,https://www.google.com/search?q=jobs&gl=my&hl=en&udm=8#vhid=vt%3D20/docid%3DF-1oLnqsLk3-ErZWAAAAAA%3D%3D&vssid=jobs-detail-viewer,,2026-06-10T04:55:58+00:00,2026-06-10T16:13:43+00:00,"bucket: C_MASS_APPLY; internship/practical training role; core role keyword: data analyst intern; analytics skill match: excel, sql, tableau, dashboard; location priority: Kuala Lumpur; priority city: Kuala Lumpur; date not stated; keep for manual confirmation; Tier-2 established company; has apply link; source host: levelup.boostorder.com; student/entry-level friendly; resume skill fit: excel, sql, tableau; posting date unknown; negative keyword: lead; may target Masters-level candidate",915bd757cdd73087fa36587c
C_MASS_APPLY,Mass-apply if role/location is acceptable.,54,ROSEN Group,Business Analyst Internship (6 months),Malaysia,Selangor,jsearch,https://jobs.accaglobal.com/job/13932675/business-analyst-internship-6-months-/,https://www.google.com/search?q=jobs&gl=my&hl=en&udm=8#vhid=vt%3D20/docid%3DAGYoVSX5flz1o2BdAAAAAA%3D%3D&vssid=jobs-detail-viewer,2026-06-04T00:00:00.000Z,2026-06-06T14:15:43+00:00,2026-06-10T16:13:43+00:00,bucket: C_MASS_APPLY; internship/practical training role; core role keyword: business analyst intern; analytics skill match: sql; location priority: Selangor; priority city: Shah Alam; longer internship may still be acceptable; date not stated; keep for manual confirmation; small/unknown company kept for mass-apply strategy; has apply link; source host: jobs.accaglobal.com; student/entry-level friendly; resume skill fit: sql; posted within 14 days; negative keyword: lead,f2f2bcdea59bf4d08d337bc5
C_MASS_APPLY,Mass-apply if role/location is acceptable.,54,PricewaterhouseCoopers International,Data Analytics Intern: Strategy,"Cyberjaya, Selangor",Selangor,jsearch,https://my.trabajo.org/job-2267-271b406ecb31df8d71309ba6852d873e,https://www.google.com/search?q=jobs&gl=my&hl=en&udm=8#vhid=vt%3D20/docid%3Dfue3pqNrWJj3_fRTAAAAAA%3D%3D&vssid=jobs-detail-viewer,2026-06-06T00:00:00.000Z,2026-06-10T04:55:58+00:00,2026-06-10T16:13:43+00:00,"bucket: C_MASS_APPLY; internship/practical training role; core role keyword: data analytics intern, analytics intern; analytics skill match: reporting, analytics; location priority: Selangor; priority city: Cyberjaya; date not stated; keep for manual confirmation; small/unknown company kept for mass-apply strategy; has apply link; aggregator/low-signal source; manually verify before applying; student/entry-level friendly; resume skill fit: reporting, analytics; posted within 14 days",4d952e503808387cde206bdc
C_MASS_APPLY,Mass-apply if role/location is acceptable.,54,AIA Shared Services,Tech & Data Insights Intern: Power BI & UAT,"Cyberjaya, Selangor",Selangor,jsearch,https://my.trabajo.org/job-2267-63683a1c547cbab4b9235123c981cdfa,https://www.google.com/search?q=jobs&gl=my&hl=en&udm=8#vhid=vt%3D20/docid%3DVPhjWtNtN1c2ci7gAAAAAA%3D%3D&vssid=jobs-detail-viewer,2026-06-04T00:00:00.000Z,2026-06-06T04:34:56+00:00,2026-06-10T16:13:43+00:00,"bucket: C_MASS_APPLY; internship/practical training role; adjacent analytics role keyword: power bi; analytics skill match: excel, power bi, reporting; location priority: Selangor; priority city: Cyberjaya; date not stated; keep for manual confirmation; Tier-2 established company; has apply link; aggregator/low-signal source; manually verify before applying; student/entry-level friendly; resume skill fit: excel, power bi, reporting; posted within 14 days",e059b409136b4f07472358af
C_MASS_APPLY,Mass-apply if role/location is acceptable.,54,Bosch Group,Internship in Data Analytics,"George Town, Penang",Penang,jsearch,https://my.trabajo.org/job-4073-186e914f772a074449ac44b6ca62c9f3,https://www.google.com/search?q=jobs&gl=my&hl=en&udm=8#vhid=vt%3D20/docid%3DF1aUhyvtkCXWMB0BAAAAAA%3D%3D&vssid=jobs-detail-viewer,2026-05-26T00:00:00.000Z,2026-06-05T15:19:08+00:00,2026-06-10T16:13:43+00:00,"bucket: C_MASS_APPLY; internship/practical training role; adjacent analytics role keyword: data analytics, power bi, dashboard; analytics skill match: sql, power bi, tableau, dashboard; location priority: Penang; priority city: George Town; date not stated; keep for manual confirmation; Tier-1 target company; has apply link; aggregator/low-signal source; manually verify before applying; student/entry-level friendly; resume skill fit: sql, power bi, tableau; posted within 45 days; negative keyword: lead",677e527049dd6af538c850bb
C_MASS_APPLY,Mass-apply if role/location is acceptable.,54,FedEx,CX Data Analytics Intern — Power BI,Selangor,Selangor,jsearch,https://my.trabajo.org/job-2267-2a6b10afb5bbbb6ce650177ec6b391f7,https://www.google.com/search?q=jobs&gl=my&hl=en&udm=8#vhid=vt%3D20/docid%3Db4VQ04cpCcDoVhVNAAAAAA%3D%3D&vssid=jobs-detail-viewer,2026-06-02T00:00:00.000Z,2026-06-05T15:19:08+00:00,2026-06-10T16:13:43+00:00,"bucket: C_MASS_APPLY; internship/practical training role; core role keyword: data analytics intern, analytics intern; analytics skill match: power bi, reporting, analytics, statistics; location priority: Selangor; date not stated; keep for manual confirmation; small/unknown company kept for mass-apply strategy; has apply link; aggregator/low-signal source; manually verify before applying; student/entry-level friendly; resume skill fit: power bi, reporting, analytics; posted within 14 days",3531d158c1c965d7a36250f1
C_MASS_APPLY,Mass-apply if role/location is acceptable.,54,PwC South Africa,Data Analytics Intern – Assurance CoE,"Kuala Lumpur, Federal Territory of Kuala Lumpur",Kuala Lumpur,jsearch,https://my.trabajo.org/job-2267-84e9f0b303bcc356578a01673af97318,https://www.google.com/search?q=jobs&gl=my&hl=en&udm=8#vhid=vt%3D20/docid%3D_-hpFM1LfhXwm5vMAAAAAA%3D%3D&vssid=jobs-detail-viewer,2026-05-30T00:00:00.000Z,2026-06-05T07:48:27+00:00,2026-06-10T16:13:43+00:00,"bucket: C_MASS_APPLY; internship/practical training role; core role keyword: data analytics intern, analytics intern; analytics skill match: excel, analytics; location priority: Kuala Lumpur; priority city: Kuala Lumpur; date not stated; keep for manual confirmation; Tier-1 target company; has apply link; aggregator/low-signal source; manually verify before applying; student/entry-level friendly; resume skill fit: excel, analytics; posted within 14 days; possible non-Malaysia noise; verify manually",82b9e7a3eaec97ebcb97ecea
C_MASS_APPLY,Mass-apply if role/location is acceptable.,54,NTT DATA Payment Services,Credit Risk Data Analytics Intern,Selangor,Selangor,jsearch,https://www.jobleads.com/my/job/credit-risk-data-analytics-intern--selangor--edb2c587fe30d6f59ef53f4d9876794dd,https://www.google.com/search?q=jobs&gl=my&hl=en&udm=8#vhid=vt%3D20/docid%3Dh6xH-vfI_hkG6iZwAAAAAA%3D%3D&vssid=jobs-detail-viewer,2026-05-27T00:00:00.000Z,2026-06-05T07:48:27+00:00,2026-06-10T16:13:43+00:00,"bucket: C_MASS_APPLY; internship/practical training role; core role keyword: data analytics intern, analytics intern; analytics skill match: excel, dashboard, analytics; location priority: Selangor; date not stated; keep for manual confirmation; Tier-2 established company; has apply link; aggregator/low-signal source; manually verify before applying; student/entry-level friendly; resume skill fit: excel, dashboard, analytics; posted within 14 days; negative keyword: lead",292651aea0245d8ae5ca286a
C_MASS_APPLY,Mass-apply if role/location is acceptable.,53,Sandisk,[July 2026 Onwards Intake] Internship - AI and Data Analytics,Penang,Penang,jsearch,https://jobs.smartrecruiters.com/Sandisk/744000093166991--july-2026-onwards-intake-internship-ai-and-data-analytics,https://www.google.com/search?q=jobs&gl=my&hl=en&udm=8#vhid=vt%3D20/docid%3Du72b_XcgPwqIf0bfAAAAAA%3D%3D&vssid=jobs-detail-viewer,,2026-06-07T14:27:17+00:00,2026-06-10T16:13:43+00:00,"bucket: C_MASS_APPLY; internship/practical training role; adjacent analytics role keyword: data analytics, data science, analytics; analytics skill match: excel, sql, python, analytics; location priority: Penang; date not stated; keep for manual confirmation; small/unknown company kept for mass-apply strategy; has apply link; official/ATS source likely higher reliability; student/entry-level friendly; resume skill fit: excel, sql, python; posting date unknown; negative keyword: lead; may target Masters-level candidate",a14f1b2b80980940b003f5c5
C_MASS_APPLY,Mass-apply if role/location is acceptable.,53,Hewlett Packard Enterprise Software,Business Analytics Intern,Malaysia,Malaysia,jsearch,https://www.foundit.my/job/business-analytics-intern-hewlett-packard-enterprise-software-malaysia-51979023,https://www.google.com/search?q=jobs&gl=my&hl=en&udm=8#vhid=vt%3D20/docid%3DQO3KwUKNgkpsHYYjAAAAAA%3D%3D&vssid=jobs-detail-viewer,,2026-06-05T15:19:08+00:00,2026-06-10T16:13:43+00:00,"bucket: C_MASS_APPLY; internship/practical training role; core role keyword: analytics intern; analytics skill match: excel, python, analytics; location priority: Malaysia; longer internship may still be acceptable; date not stated; keep for manual confirmation; small/unknown company kept for mass-apply strategy; has apply link; trusted job board source; student/entry-level friendly; resume skill fit: excel, python, analytics; posting date unknown",c6dd310c4a616acff64f6a8a
C_MASS_APPLY,Mass-apply if role/location is acceptable.,53,WPP Media,Analytics Intern — Power BI & SQL Wizard (Masters),Federal Territory of Kuala Lumpur,Kuala Lumpur,jsearch,https://kualalumpur.my.expertini.com/job/analytics-intern-power-bi-sql-wizard-masters-kuala-lumpur-wpp-media-02f6ea6177116c575c88261ad9ade3d7/,https://www.google.com/search?q=jobs&gl=my&hl=en&udm=8#vhid=vt%3D20/docid%3DkkrkfgwTPOpg_zuwAAAAAA%3D%3D&vssid=jobs-detail-viewer,2026-06-02T00:00:00.000Z,2026-06-06T04:34:56+00:00,2026-06-10T16:13:43+00:00,"bucket: C_MASS_APPLY; internship/practical training role; core role keyword: analytics intern; analytics skill match: sql, power bi, python, dashboard; location priority: Kuala Lumpur; priority city: Kuala Lumpur; date not stated; keep for manual confirmation; small/unknown company kept for mass-apply strategy; has apply link; source host: kualalumpur.my.expertini.com; resume skill fit: sql, power bi, python; posted within 14 days; may target Masters-level candidate",b9bbafc4c3d6bbaa2cfa24a5
C_MASS_APPLY,Mass-apply if role/location is acceptable.,53,Grab,AI-Powered Data Science Intern: Build Automated Analytics,Selangor,Selangor,jsearch,https://www.jobleads.com/my/job/ai-powered-data-science-intern-build-automated-analytics--selangor--e56c6e51160ab08a3c5eb27d0fd315366,https://www.google.com/search?q=jobs&gl=my&hl=en&udm=8#vhid=vt%3D20/docid%3DEH4P7IcSfRadt8d0AAAAAA%3D%3D&vssid=jobs-detail-viewer,2026-05-27T00:00:00.000Z,2026-06-07T14:27:17+00:00,2026-06-10T16:13:43+00:00,"bucket: C_MASS_APPLY; internship/practical training role; core role keyword: data science intern; analytics skill match: sql, python, analytics, data visualization; location priority: Selangor; date not stated; keep for manual confirmation; Tier-1 target company; has apply link; aggregator/low-signal source; manually verify before applying; student/entry-level friendly; resume skill fit: sql, python, analytics; posted within 14 days; negative keyword: lead",2ed6ab493b6fd3fdcb2842f7
C_MASS_APPLY,Mass-apply if role/location is acceptable.,53,Invenio Potential,Internship Data Analyst,"Johor Bahru, Johor",Johor,jsearch,https://my.trabajo.org/job-3400-16c825312677f004fec47dbe54104f5e,https://www.google.com/search?q=jobs&gl=my&hl=en&udm=8#vhid=vt%3D20/docid%3DxQjfAdykIrnzX0OTAAAAAA%3D%3D&vssid=jobs-detail-viewer,2026-06-02T00:00:00.000Z,2026-06-06T14:15:43+00:00,2026-06-10T16:13:43+00:00,"bucket: C_MASS_APPLY; internship/practical training role; adjacent analytics role keyword: data analyst, dashboard, data visualization; analytics skill match: dashboard, reporting, analytics, data visualization; location priority: Johor; priority city: Johor Bahru; longer internship may still be acceptable; date not stated; keep for manual confirmation; small/unknown company kept for mass-apply strategy; has apply link; aggregator/low-signal source; manually verify before applying; resume skill fit: dashboard, reporting, analytics; posted within 14 days",db549ee5599aa019f2bf14db
C_MASS_APPLY,Mass-apply if role/location is acceptable.,53,SGS,PowerBI Analytics Intern – Digitalization,"Shah Alam, Selangor",Selangor,jsearch,https://my.trabajo.org/job-2267-6283d29a88d1cfcb7994bc9847edf88d,https://www.google.com/search?q=jobs&gl=my&hl=en&udm=8#vhid=vt%3D20/docid%3Dvsm8-Anasw0l_29SAAAAAA%3D%3D&vssid=jobs-detail-viewer,2026-05-31T00:00:00.000Z,2026-06-06T04:34:56+00:00,2026-06-10T16:13:43+00:00,"bucket: C_MASS_APPLY; internship/practical training role; core role keyword: analytics intern; analytics skill match: excel, dashboard, analytics; location priority: Selangor; priority city: Shah Alam; date not stated; keep for manual confirmation; small/unknown company kept for mass-apply strategy; has apply link; aggregator/low-signal source; manually verify before applying; student/entry-level friendly; resume skill fit: excel, dashboard, analytics; posted within 14 days",3d9bff7c654fb0b475b1e9c9
C_MASS_APPLY,Mass-apply if role/location is acceptable.,53,AstraZeneca,Automation & Analytics Intern - Power BI & Python,"Petaling Jaya, Selangor",Selangor,jsearch,https://my.trabajo.org/job-2267-482eddcb536b351264b7268d58238303,https://www.google.com/search?q=jobs&gl=my&hl=en&udm=8#vhid=vt%3D20/docid%3DQ3j-lqL14lQEdTxYAAAAAA%3D%3D&vssid=jobs-detail-viewer,2026-06-02T00:00:00.000Z,2026-06-06T04:34:56+00:00,2026-06-10T16:13:43+00:00,"bucket: C_MASS_APPLY; internship/practical training role; core role keyword: analytics intern; analytics skill match: excel, power bi, python, analytics; location priority: Selangor; priority city: Petaling Jaya; date not stated; keep for manual confirmation; small/unknown company kept for mass-apply strategy; has apply link; aggregator/low-signal source; manually verify before applying; student/entry-level friendly; resume skill fit: excel, power bi, python; posted within 14 days",4861221561094442d73d538b
C_MASS_APPLY,Mass-apply if role/location is acceptable.,53,Petronas Ventures,AI Analytics Intern: Power BI & Data Insights,"Kuala Lumpur, Federal Territory of Kuala Lumpur",Kuala Lumpur,jsearch,https://my.jooble.org/jdp/5362194838846439249,https://www.google.com/search?q=jobs&gl=my&hl=en&udm=8#vhid=vt%3D20/docid%3Dg5CpYIBvE1-dLwU3AAAAAA%3D%3D&vssid=jobs-detail-viewer,2026-06-03T00:00:00.000Z,2026-06-06T04:34:56+00:00,2026-06-10T16:13:43+00:00,"bucket: C_MASS_APPLY; internship/practical training role; core role keyword: analytics intern; analytics skill match: power bi, analytics; location priority: Kuala Lumpur; priority city: Kuala Lumpur; date not stated; keep for manual confirmation; Tier-1 target company; has apply link; aggregator/low-signal source; manually verify before applying; student/entry-level friendly; resume skill fit: power bi, analytics; posted within 14 days; negative keyword: lead",3df02157e17f704c71bc2abf
C_MASS_APPLY,Mass-apply if role/location is acceptable.,53,Petronas Ventures,AI Analytics Intern: Power BI,"Kuala Lumpur, Federal Territory of Kuala Lumpur",Kuala Lumpur,jsearch,https://my.trabajo.org/job-2267-747e31d48bce6b9f05c61a188f6aa244,https://www.google.com/search?q=jobs&gl=my&hl=en&udm=8#vhid=vt%3D20/docid%3DGzDCdAf1t4Y2iyJwAAAAAA%3D%3D&vssid=jobs-detail-viewer,2026-06-02T00:00:00.000Z,2026-06-05T15:19:08+00:00,2026-06-10T16:13:43+00:00,"bucket: C_MASS_APPLY; internship/practical training role; core role keyword: analytics intern; analytics skill match: power bi, analytics; location priority: Kuala Lumpur; priority city: Kuala Lumpur; date not stated; keep for manual confirmation; Tier-1 target company; has apply link; aggregator/low-signal source; manually verify before applying; student/entry-level friendly; resume skill fit: power bi, analytics; posted within 14 days; negative keyword: lead",9406c4b3a14ec78fec163c68
C_MASS_APPLY,Mass-apply if role/location is acceptable.,52,FedEx,CX Business Intelligence Intern,Selangor,Selangor,jsearch,https://bebee.com/my/jobs/cx-business-intelligence-intern-fedex-selangor--theirstack-692470203,https://www.google.com/search?q=jobs&gl=my&hl=en&udm=8#vhid=vt%3D20/docid%3DR_0N93P7SfjuN90lAAAAAA%3D%3D&vssid=jobs-detail-viewer,2026-05-26T00:00:00.000Z,2026-06-05T15:19:08+00:00,2026-06-10T16:13:43+00:00,"bucket: C_MASS_APPLY; internship/practical training role; core role keyword: business intelligence intern; analytics skill match: excel, power bi, dashboard, reporting; location priority: Selangor; date not stated; keep for manual confirmation; small/unknown company kept for mass-apply strategy; has apply link; source host: bebee.com; student/entry-level friendly; resume skill fit: excel, power bi, dashboard; posted within 45 days; negative keyword: lead",bf7c8b12ea53f082994b541a
C_MASS_APPLY,Mass-apply if role/location is acceptable.,52,Prudential Hong Kong Limited,HR Analytics Intern: Data Quality,"Kuala Lumpur, Federal Territory of Kuala Lumpur",Kuala Lumpur,jsearch,https://my.trabajo.org/job-2267-a2744f46a749dff39564563929c9e177,https://www.google.com/search?q=jobs&gl=my&hl=en&udm=8#vhid=vt%3D20/docid%3DEjmm8_JRwsuRQx2NAAAAAA%3D%3D&vssid=jobs-detail-viewer,2026-06-05T00:00:00.000Z,2026-06-10T04:55:58+00:00,2026-06-10T16:13:43+00:00,"bucket: C_MASS_APPLY; internship/practical training role; core role keyword: analytics intern; analytics skill match: excel, power bi, analytics; location priority: Kuala Lumpur; priority city: Kuala Lumpur; date not stated; keep for manual confirmation; Tier-2 established company; has apply link; aggregator/low-signal source; manually verify before applying; resume skill fit: excel, power bi, analytics; posted within 14 days",64f99cfaf48d74ed1cba89d6
C_MASS_APPLY,Mass-apply if role/location is acceptable.,52,Robert Bosch Group,Internship in Data Analytics,Penang,Penang,jsearch,https://my.trabajo.org/job-2267-efb26acfe53134d914aeb72a39d8dfcb,https://www.google.com/search?q=jobs&gl=my&hl=en&udm=8#vhid=vt%3D20/docid%3DVgNuUcAhXer-p7QYAAAAAA%3D%3D&vssid=jobs-detail-viewer,2026-05-27T00:00:00.000Z,2026-06-05T15:19:08+00:00,2026-06-10T16:13:43+00:00,"bucket: C_MASS_APPLY; internship/practical training role; adjacent analytics role keyword: data analytics, power bi, dashboard; analytics skill match: sql, power bi, tableau, dashboard; location priority: Penang; date not stated; keep for manual confirmation; Tier-1 target company; has apply link; aggregator/low-signal source; manually verify before applying; student/entry-level friendly; resume skill fit: sql, power bi, tableau; posted within 14 days; negative keyword: lead",73693558bf38530efe521748
C_MASS_APPLY,Mass-apply if role/location is acceptable.,51,Principal Malaysia,"Intern, Data Analytics and Business Strategy (6 months)","Kuala Lumpur, Federal Territory of Kuala Lumpur",Kuala Lumpur,jsearch,https://my.linkedin.com/jobs/view/intern-data-analytics-and-business-strategy-6-months-at-principal-malaysia-4426030942,https://www.google.com/search?q=jobs&gl=my&hl=en&udm=8#vhid=vt%3D20/docid%3D8YUA6yzejcqGrua2AAAAAA%3D%3D&vssid=jobs-detail-viewer,2026-06-10T07:00:00.000Z,2026-06-10T16:13:43+00:00,2026-06-10T16:13:43+00:00,"bucket: C_MASS_APPLY; internship/practical training role; adjacent analytics role keyword: data analytics, power bi, data science; analytics skill match: excel, power bi, reporting, analytics; location priority: Kuala Lumpur; priority city: Kuala Lumpur; longer internship may still be acceptable; date not stated; keep for manual confirmation; small/unknown company kept for mass-apply strategy; has apply link; trusted job board source; student/entry-level friendly; resume skill fit: excel, power bi, reporting; posted within 3 days; seniority/permanent/experience red flag; negative keyword: senior, lead; may target Masters-level candidate",28bdba318c59a4dd98fac538
C_MASS_APPLY,Mass-apply if role/location is acceptable.,51,Versa Asia,Internship : Analyst Intern (Start of Internship: July/August 2026),"Petaling Jaya, Selangor",Selangor,jsearch,https://my.hiredly.com/jobs/jobs-malaysia-versa-asia-job-internship-analyst-intern-start-of-internship-july-august-2026,https://www.google.com/search?q=jobs&gl=my&hl=en&udm=8#vhid=vt%3D20/docid%3Dh0FCnjK3YI2WYjRvAAAAAA%3D%3D&vssid=jobs-detail-viewer,2026-05-28T00:00:00.000Z,2026-06-06T14:15:43+00:00,2026-06-10T16:13:43+00:00,bucket: C_MASS_APPLY; internship/practical training role; adjacent analytics role keyword: analytics; analytics skill match: analytics; location priority: Selangor; priority city: Petaling Jaya; mentions Aug-Nov 2026 target window; small/unknown company kept for mass-apply strategy; has apply link; trusted job board source; resume skill fit: analytics; posted within 14 days; possible non-Malaysia noise; verify manually,0fdb5129e4fda75ed98a822f
C_MASS_APPLY,Mass-apply if role/location is acceptable.,51,STMicroelectronics,"Maintenance Engineer Intern: Troubleshooting, PM & Data Insight","Muar, Johor",Johor,jsearch,https://muar.my.expertini.com/job/maintenance-engineer-intern-troubleshooting-pm-data-insight-muar-stmicroelectronics-386-4117234/,https://www.google.com/search?q=jobs&gl=my&hl=en&udm=8#vhid=vt%3D20/docid%3DMDoT0uYMtDrBKtLHAAAAAA%3D%3D&vssid=jobs-detail-viewer,2026-06-01T00:00:00.000Z,2026-06-09T15:38:12+00:00,2026-06-10T16:13:43+00:00,"bucket: C_MASS_APPLY; internship/practical training role; adjacent analytics role keyword: power bi; analytics skill match: excel, power bi; location priority: Johor; date not stated; keep for manual confirmation; small/unknown company kept for mass-apply strategy; has apply link; source host: muar.my.expertini.com; student/entry-level friendly; resume skill fit: excel, power bi; posted within 14 days; negative keyword: lead",824cd2821de591846b15148e
C_MASS_APPLY,Mass-apply if role/location is acceptable.,51,Plexus Malaysia Sdn Bhd,Penang Supply Chain Intern: Analytics,"George Town, Penang",Penang,jsearch,https://my.trabajo.org/job-2267-929bf5dc6b0f6228c627c625f234bb16,https://www.google.com/search?q=jobs&gl=my&hl=en&udm=8#vhid=vt%3D20/docid%3DK1Jombir05y8V1OWAAAAAA%3D%3D&vssid=jobs-detail-viewer,2026-06-09T00:00:00.000Z,2026-06-10T04:55:58+00:00,2026-06-10T16:13:43+00:00,"bucket: C_MASS_APPLY; internship/practical training role; adjacent analytics role keyword: analytics; analytics skill match: reporting, analytics; location priority: Penang; priority city: George Town; mentions Aug-Nov 2026 target window; small/unknown company kept for mass-apply strategy; has apply link; aggregator/low-signal source; manually verify before applying; student/entry-level friendly; resume skill fit: reporting, analytics; posted within 3 days",dd6c0956efdef325a5264060
C_MASS_APPLY,Mass-apply if role/location is acceptable.,51,iTask Sdn. Bhd.,IT Business Analyst Intern,"Johor Bahru, Johor",Johor,jsearch,https://my.trabajo.org/job-3400-ba324007dc7a71a95a1aceb59d8f3d81,https://www.google.com/search?q=jobs&gl=my&hl=en&udm=8#vhid=vt%3D20/docid%3DzWtpRP5rGDsnQSoSAAAAAA%3D%3D&vssid=jobs-detail-viewer,2026-06-01T00:00:00.000Z,2026-06-06T14:15:43+00:00,2026-06-10T16:13:43+00:00,bucket: C_MASS_APPLY; internship/practical training role; core role keyword: business analyst intern; location priority: Johor; priority city: Johor Bahru; duration likely fits 3-month industrial training; longer internship may still be acceptable; small/unknown company kept for mass-apply strategy; has apply link; aggregator/low-signal source; manually verify before applying; student/entry-level friendly; posted within 14 days,8439bffc908cd7975da25688
C_MASS_APPLY,Mass-apply if role/location is acceptable.,51,Renesas Electronics Corporation,Pricing Quoting Intern: Data Analytics & Collaboration,"Bayan Lepas, Penang",Penang,jsearch,https://my.jooble.org/jdp/-1346657850897150843,https://www.google.com/search?q=jobs&gl=my&hl=en&udm=8#vhid=vt%3D20/docid%3DLoYEbWyGR5sbJIBJAAAAAA%3D%3D&vssid=jobs-detail-viewer,2026-06-02T00:00:00.000Z,2026-06-05T15:19:08+00:00,2026-06-10T16:13:43+00:00,"bucket: C_MASS_APPLY; internship/practical training role; adjacent analytics role keyword: data analytics, analytics; analytics skill match: excel, reporting, analytics; location priority: Penang; priority city: Bayan Lepas; date not stated; keep for manual confirmation; small/unknown company kept for mass-apply strategy; has apply link; aggregator/low-signal source; manually verify before applying; student/entry-level friendly; resume skill fit: excel, reporting, analytics; posted within 14 days",131443ed1b14cb8584754c3c
C_MASS_APPLY,Mass-apply if role/location is acceptable.,51,Nong Geng Ji,Data Analysis Internship,Selangor,Selangor,jsearch,https://my.trabajo.org/job-2267-d60b1bb9173fb0078d71f95a640b6643,https://www.google.com/search?q=jobs&gl=my&hl=en&udm=8#vhid=vt%3D20/docid%3DIV2FgcDoZbVQLPIOAAAAAA%3D%3D&vssid=jobs-detail-viewer,2026-05-31T00:00:00.000Z,2026-06-05T15:19:08+00:00,2026-06-10T16:13:43+00:00,"bucket: C_MASS_APPLY; internship/practical training role; adjacent analytics role keyword: data analytics, power bi, dashboard; analytics skill match: excel, sql, power bi, python; location priority: Selangor; date not stated; keep for manual confirmation; small/unknown company kept for mass-apply strategy; has apply link; aggregator/low-signal source; manually verify before applying; student/entry-level friendly; resume skill fit: excel, sql, power bi; posted within 14 days",597ce9b3d1c2fbc1f0f4fef7
C_MASS_APPLY,Mass-apply if role/location is acceptable.,50,SEEK,Product Analytics Intern,"Kuala Lumpur, Federal Territory of Kuala Lumpur",Kuala Lumpur,jsearch,https://bebee.com/my/jobs/product-analytics-intern-seek-kuala-lumpur--theirstack-669364010,https://www.google.com/search?q=jobs&gl=my&hl=en&udm=8#vhid=vt%3D20/docid%3Dq2vl6ihll-c-EzcwAAAAAA%3D%3D&vssid=jobs-detail-viewer,,2026-06-05T15:19:08+00:00,2026-06-10T16:13:43+00:00,"bucket: C_MASS_APPLY; internship/practical training role; core role keyword: analytics intern; analytics skill match: power bi, tableau, dashboard, analytics; location priority: Kuala Lumpur; priority city: Kuala Lumpur; date not stated; keep for manual confirmation; small/unknown company kept for mass-apply strategy; has apply link; source host: bebee.com; resume skill fit: power bi, tableau, dashboard; posting date unknown; negative keyword: lead",b0a2f71ec5f12e209185d7c9
C_MASS_APPLY,Mass-apply if role/location is acceptable.,50,ACCA Careers,Credit Risk Intern: Data Analytics,"Pasir Gudang, Johor",Johor,jsearch,https://my.trabajo.org/job-2267-b2a102657456423fe471eea1b725bed3,https://www.google.com/search?q=jobs&gl=my&hl=en&udm=8#vhid=vt%3D20/docid%3DMYj-t8ua1AH57VsAAAAAAA%3D%3D&vssid=jobs-detail-viewer,2026-06-03T00:00:00.000Z,2026-06-09T15:38:12+00:00,2026-06-10T16:13:43+00:00,"bucket: C_MASS_APPLY; internship/practical training role; adjacent analytics role keyword: data analytics, analytics; analytics skill match: analytics; location priority: Johor; priority city: Pasir Gudang; longer internship may still be acceptable; date not stated; keep for manual confirmation; small/unknown company kept for mass-apply strategy; has apply link; aggregator/low-signal source; manually verify before applying; student/entry-level friendly; resume skill fit: analytics; posted within 14 days",29bc2ff7b39e98309398fc33
C_MASS_APPLY,Mass-apply if role/location is acceptable.,50,Grab,"Intern, Data Scientist",Selangor,Selangor,jsearch,https://my.trabajo.org/job-2267-f719d741c9e27e0cd1c311621977f300,https://www.google.com/search?q=jobs&gl=my&hl=en&udm=8#vhid=vt%3D20/docid%3DnMsJrWT9oucxME8TAAAAAA%3D%3D&vssid=jobs-detail-viewer,2026-05-31T00:00:00.000Z,2026-06-07T14:27:17+00:00,2026-06-10T16:13:43+00:00,"bucket: C_MASS_APPLY; internship/practical training role; adjacent analytics role keyword: data analytics, dashboard, data science; analytics skill match: sql, tableau, python, dashboard; location priority: Selangor; priority city: Petaling Jaya; duration likely fits 3-month industrial training; mentions Aug-Nov 2026 target window; Tier-1 target company; has apply link; aggregator/low-signal source; manually verify before applying; resume skill fit: sql, tableau, python; posted within 14 days; seniority/permanent/experience red flag; negative keyword: senior, manager",ed8d79dcca0aa3c67b8b5c9b
C_MASS_APPLY,Mass-apply if role/location is acceptable.,50,INTEL,Facilities Data Analytic Intern,"George Town, Penang",Penang,jsearch,https://my.trabajo.org/job-3400-ca27d44fc79d9fd5c09c2c471ca1f75a,https://www.google.com/search?q=jobs&gl=my&hl=en&udm=8#vhid=vt%3D20/docid%3DLhG5TTBp1ZZzElIBAAAAAA%3D%3D&vssid=jobs-detail-viewer,2026-06-01T00:00:00.000Z,2026-06-07T14:27:17+00:00,2026-06-10T16:13:43+00:00,bucket: C_MASS_APPLY; internship/practical training role; adjacent analytics role keyword: dashboard; analytics skill match: dashboard; location priority: Penang; priority city: George Town; date not stated; keep for manual confirmation; Tier-1 target company; has apply link; aggregator/low-signal source; manually verify before applying; student/entry-level friendly; resume skill fit: dashboard; posted within 14 days,a53676fa602cf877f2c130b2
C_MASS_APPLY,Mass-apply if role/location is acceptable.,49,VAT Manufacturing Malaysia Sdn Bhd,Degree Internship (Big Data/Data Science/Artificial Intelligence),"Simpang Ampat, Penang",Penang,jsearch,https://my.joblum.com/job/degree-internship-big-data-data/2450537,https://www.google.com/search?q=jobs&gl=my&hl=en&udm=8#vhid=vt%3D20/docid%3Dz4C83ir35tDqFiO4AAAAAA%3D%3D&vssid=jobs-detail-viewer,2026-05-14T00:00:00.000Z,2026-06-07T14:27:17+00:00,2026-06-10T16:13:43+00:00,bucket: C_MASS_APPLY; internship/practical training role; adjacent analytics role keyword: data science; location priority: Penang; duration likely fits 3-month industrial training; longer internship may still be acceptable; small/unknown company kept for mass-apply strategy; has apply link; source host: my.joblum.com; student/entry-level friendly; posted within 45 days,b94e47875ee19ba6ac8aafce
C_MASS_APPLY,Mass-apply if role/location is acceptable.,49,Watsons Malaysia,Enterprise & Data - IT Intern,"Kuala Lumpur, Federal Territory of Kuala Lumpur",Kuala Lumpur,jsearch,https://my.prosple.com/graduate-employers/watsons-malaysia/jobs-internships/enterprise-data-it-intern,https://www.google.com/search?q=jobs&gl=my&hl=en&udm=8#vhid=vt%3D20/docid%3DOpo5XfyecVf73nFNAAAAAA%3D%3D&vssid=jobs-detail-viewer,,2026-06-07T05:05:14+00:00,2026-06-10T16:13:43+00:00,"bucket: C_MASS_APPLY; internship/practical training role; analytics skill match: excel, sql; not clearly data/analytics role; location priority: Kuala Lumpur; priority city: Kuala Lumpur; duration likely fits 3-month industrial training; longer internship may still be acceptable; small/unknown company kept for mass-apply strategy; has apply link; source host: my.prosple.com; student/entry-level friendly; resume skill fit: excel, sql; posting date unknown",bc4227f2873a32900317f746
C_MASS_APPLY,Mass-apply if role/location is acceptable.,49,Ikano-Retail,Applications Intern: Power BI & ERP Systems Support,Federal Territory of Kuala Lumpur,Kuala Lumpur,jsearch,https://kualalumpur.my.expertini.com/job/applications-intern-power-bi-erp-systems-support-kuala-lumpur-ikano-retail-386-3824404/,https://www.google.com/search?q=jobs&gl=my&hl=en&udm=8#vhid=vt%3D20/docid%3DgC620K94_sL8oXDOAAAAAA%3D%3D&vssid=jobs-detail-viewer,2026-05-31T00:00:00.000Z,2026-06-06T04:34:56+00:00,2026-06-10T16:13:43+00:00,bucket: C_MASS_APPLY; internship/practical training role; adjacent analytics role keyword: power bi; analytics skill match: power bi; location priority: Kuala Lumpur; priority city: Kuala Lumpur; date not stated; keep for manual confirmation; small/unknown company kept for mass-apply strategy; has apply link; source host: kualalumpur.my.expertini.com; student/entry-level friendly; resume skill fit: power bi; posted within 14 days; negative keyword: lead,1c3f69bf14cf76f9acf946b6
C_MASS_APPLY,Mass-apply if role/location is acceptable.,49,STMicroelectronics,Intern - Data Science,"Muar, Johor",Johor,jsearch,https://my.trabajo.org/job-3400-f844f58b7c6cc78091d78ec46c578a87,https://www.google.com/search?q=jobs&gl=my&hl=en&udm=8#vhid=vt%3D20/docid%3Dh6wJFCJ3njEKBjdTAAAAAA%3D%3D&vssid=jobs-detail-viewer,2026-06-03T00:00:00.000Z,2026-06-07T05:05:14+00:00,2026-06-10T16:13:43+00:00,"bucket: C_MASS_APPLY; internship/practical training role; adjacent analytics role keyword: dashboard, data science, data visualization; analytics skill match: sql, python, dashboard, data visualization; location priority: Johor; date not stated; keep for manual confirmation; small/unknown company kept for mass-apply strategy; has apply link; aggregator/low-signal source; manually verify before applying; student/entry-level friendly; resume skill fit: sql, python, dashboard; posted within 14 days; may target Masters-level candidate",4d2b11842ceb211f2f8a7605
